{"slots":[{"name":"x","bone":"bone3","attachment":"x_yiban"},{"name":"aaa_00000","bone":"bone5","attachment":"aaa_00000_yiban"},{"name":"0_1","bone":"bone8","attachment":"0_yiban"},{"name":"0_3","bone":"bone7","attachment":"0_3_yiban"},{"name":"1","bone":"bone1","attachment":"1_yiban"},{"name":"light3_b","bone":"bone6","attachment":"light3_b_yiban"},{"name":"huojian","bone":"bone2","attachment":"huojian_yiban"},{"name":"light2_00000","bone":"bone4","attachment":"light2_00000_yiban"},{"name":"light_00000","bone":"bone10","attachment":"light_00000_10"},{"name":"5_00041","bone":"bone11","attachment":"5_00041_4"},{"name":"5_00031","bone":"bone13","attachment":"5_00031_4"},{"name":"5_000361","bone":"bone14","attachment":"5_000451"},{"name":"shitou","bone":"bone15","attachment":"shitou"},{"name":"shitou1","bone":"bone151","attachment":"shitou"},{"name":"shitou11","bone":"bone1511","attachment":"shitou"},{"name":"shitou111","bone":"bone15111","attachment":"shitou"},{"name":"shitou1111","bone":"bone151111","attachment":"shitou"},{"name":"b94d63720e760d01a5975613d440ed0b","bone":"bone16","attachment":"b94d63720e760d01a5975613d440ed0b_yiban"},{"name":"baipin","bone":"bone17","attachment":"baiping_20"}],"skins":{"default":{"1":{"1_yiban":{"y":-27.9,"scaleX":2,"width":45,"scaleY":2,"height":55,"path":"wangzha/1_yiban","x":-1.3}},"shitou111":{"shitou":{"height":15,"width":20}},"light3_b":{"light3_b_yiban":{"y":-2.7,"scaleX":2,"width":128,"scaleY":2,"height":128,"path":"wangzha/light3_b_yiban","x":0.2}},"shitou11":{"shitou":{"height":15,"width":20}},"aaa_00000":{"aaa_00000_yiban":{"y":177.15,"scaleX":2,"width":177,"scaleY":2,"height":258,"path":"wangzha/aaa_00000_yiban","x":3.2}},"shitou1":{"shitou":{"height":15,"width":20}},"5_00031":{"5_00031_4":{"height":160,"y":-26,"scaleX":4,"width":289,"scaleY":4}},"x":{"x_yiban":{"height":217,"y":-142.76,"scaleX":2,"width":74,"scaleY":2}},"5_00041":{"5_00046_4":{"y":-54.79,"scaleX":4,"width":319,"scaleY":4,"height":45,"path":"预合成 5_00046_4"},"5_00047_4":{"y":-52.28,"scaleX":4,"width":319,"scaleY":4,"height":44,"path":"预合成 5_00047_4"},"5_00048_4":{"y":-51.39,"scaleX":4,"width":320,"scaleY":4,"height":43,"path":"预合成 5_00048_4"},"5_00043_4":{"y":-59.21,"scaleX":4,"width":306,"scaleY":4,"height":47,"path":"预合成 5_00043_4"},"5_00041_4":{"y":-62.99,"scaleX":4,"width":298,"scaleY":4,"height":49,"path":"预合成 5_00041_4"},"5_00044_4":{"y":-56.69,"scaleX":4,"width":308,"scaleY":4,"height":46,"path":"预合成 5_00044_4"},"5_00042_4":{"y":-59.21,"scaleX":4,"width":302,"scaleY":4,"height":47,"path":"预合成 5_00042_4"},"5_00045_4":{"y":-54.58,"scaleX":4,"width":314,"scaleY":4,"height":45,"path":"预合成 5_00045_4"}},"baipin":{"baiping_20":{"height":36,"y":17.56,"scaleX":20,"width":64,"scaleY":20}},"0_3":{"0_3_yiban":{"y":-8.3,"scaleX":2,"width":221,"scaleY":2,"height":65,"path":"wangzha/图层_0_拷贝_3_yiban","x":-0.05}},"light_00000":{"light_00000_10":{"height":55,"y":-16.4,"scaleX":10,"width":55,"scaleY":10}},"b94d63720e760d01a5975613d440ed0b":{"b94d63720e760d01a5975613d440ed0b_yiban":{"y":109,"scaleX":2,"width":150,"scaleY":2,"height":170,"rotation":-151,"x":35}},"0_1":{"0_yiban":{"y":192.5,"scaleX":2,"width":229,"scaleY":2,"height":221,"path":"wangzha/图层_0_拷贝_yiban","x":0.45}},"light2_00000":{"light2_00000_yiban":{"y":-2.19,"scaleX":2,"width":124,"scaleY":2,"height":58,"path":"wangzha/light2_00000_yiban","x":1.64}},"shitou1111":{"shitou":{"height":15,"width":20}},"5_000361":{"5_000371":{"height":88,"y":187,"path":"预合成 5_000371","width":90,"x":-83},"5_000421":{"height":350,"y":187,"path":"预合成 5_000421","width":473,"x":-83},"5_000361":{"height":25,"y":187,"path":"预合成 5_000361","width":60,"x":-83},"5_00039":{"height":257,"y":187,"path":"预合成 5_00039","width":198,"x":-83},"5_000441":{"height":346,"y":187,"path":"预合成 5_000441","width":663,"x":-83},"5_000411":{"height":370,"y":187,"path":"预合成 5_000411","width":378,"x":-83},"5_000451":{"height":344,"y":187,"path":"预合成 5_000451","width":625,"x":-83},"5_000381":{"height":184,"y":187,"path":"预合成 5_000381","width":125,"x":-83},"5_000431":{"height":369,"y":187,"path":"预合成 5_000431","width":568,"x":-83},"5_00040":{"height":290,"y":187,"path":"预合成 5_00040","width":284,"x":-83}},"shitou":{"shitou":{"height":15,"width":20}},"huojian":{"huojian_yiban":{"y":1.75,"scaleX":2,"width":73,"scaleY":2,"height":87,"path":"wangzha/huojian_yiban","x":2.7}}}},"animations":{"newAnimation":{"slots":{"1":{"attachment":[{"time":0,"name":null},{"time":0.041666666666666664,"name":"1_yiban"}]},"shitou111":{"color":[{"color":"ffffffff","time":0},{"color":"ffffffff","time":1.4999999999999998}]},"shitou11":{"color":[{"color":"ffffffff","time":0},{"color":"ffffffff","time":1.4166666666666665}]},"shitou1":{"color":[{"color":"ffffffff","time":0},{"color":"ffffffff","time":1.3749999999999998}]},"5_00031":{"attachment":[{"time":0,"name":null},{"time":0.5416666666666666,"name":"5_00031_4"}]},"x":{"attachment":[{"time":0,"name":"x_yiban"},{"time":0.16666666666666666,"name":null},{"time":0.20833333333333331,"name":"x_yiban"}]},"5_00041":{"color":[{"color":"ffffffff","time":0},{"color":"ffffffff","time":1.3333333333333333}],"attachment":[{"time":0,"name":null},{"time":0.7916666666666666,"name":"5_00041_4"},{"time":0.8333333333333333,"name":"5_00042_4"},{"time":0.8749999999999999,"name":"5_00043_4"},{"time":0.9166666666666665,"name":"5_00044_4"},{"time":0.9583333333333331,"name":"5_00045_4"},{"time":0.9999999999999998,"name":"5_00046_4"},{"time":1.0416666666666665,"name":"5_00047_4"},{"time":1.0833333333333333,"name":"5_00048_4"}]},"baipin":{"attachment":[{"time":0,"name":null}]},"0_3":{"color":[{"color":"ffffffff","time":0},{"color":"ffffffff","time":1.4166666666666665}]},"light_00000":{"color":[{"color":"ffffffff","time":0},{"color":"ffffffff","time":0.5833333333333333}]},"shitou":{"color":[{"color":"ffffffff","time":0},{"color":"ffffffff","time":1.1666666666666667}]},"0_1":{"color":[{"color":"ffffffff","time":0},{"color":"ffffffff","time":0.9166666666666666}]},"light2_00000":{"color":[{"color":"ffffffff","time":0},{"color":"ffffffff","time":0.9166666666666666}]},"shitou1111":{"color":[{"color":"ffffffff","time":0},{"color":"ffffffff","time":1.375}]},"5_000361":{"color":[{"color":"ffffffff","time":0},{"color":"ffffffff","time":1.4166666666666665}],"attachment":[{"time":0,"name":null},{"time":0.625,"name":"5_000361"},{"time":0.6666666666666666,"name":"5_000371"},{"time":0.7083333333333333,"name":"5_000381"},{"time":0.7499999999999999,"name":"5_00039"},{"time":0.7916666666666665,"name":"5_00040"},{"time":0.9166666666666665,"name":"5_000411"},{"time":1.0416666666666665,"name":"5_000421"},{"time":1.1666666666666665,"name":"5_000431"},{"time":1.2916666666666665,"name":"5_000441"},{"time":1.4166666666666665,"name":"5_000451"}]},"b94d63720e760d01a5975613d440ed0b":{"color":[{"color":"ffffffff","time":0},{"color":"ffffffff","time":1.2083333333333333}]}},"draworder":[{"time":0,"offsets":[{"slot":"0_1","offset":5},{"slot":"0_3","offset":5},{"slot":"light_00000","offset":-8}]},{"time":0.5833333333333333,"offsets":[{"slot":"0_1","offset":12},{"slot":"0_3","offset":12},{"slot":"light2_00000","offset":-6},{"slot":"light_00000","offset":-8},{"slot":"5_00041","offset":7},{"slot":"5_00031","offset":7},{"slot":"5_000361","offset":7},{"slot":"shitou","offset":1},{"slot":"shitou1","offset":-3}]}],"bones":{"bone3":{"scale":[{"time":0,"y":0.01,"x":0.01},{"time":0.125,"y":0.01,"x":0.01},{"time":0.16666666666666666,"y":0.01,"x":2},{"time":0.3333333333333333,"y":1.1,"x":0.29},{"time":0.375,"y":0.01,"x":0.01}]},"bone":{"translate":[{"time":0,"y":0,"x":0},{"time":0.5833333333333333,"y":0,"x":0},{"time":0.6666666666666666,"y":-57,"x":0},{"time":0.75,"y":0,"x":0}]},"bone8":{"scale":[{"time":0,"y":0.01,"x":0.01},{"time":0.6666666666666666,"y":0.01,"x":0.01},{"time":0.75,"y":0.51,"x":0.51},{"time":0.8333333333333334,"y":1,"x":1}]},"bone1511":{"scale":[{"time":0,"y":0.01,"x":0.01},{"time":0.625,"y":0.01,"x":0.01},{"time":0.6666666666666666,"y":1,"x":1}],"rotate":[{"time":0,"angle":0},{"time":0.6666666666666666,"angle":0},{"time":0.875,"angle":-90},{"time":1.0416666666666667,"angle":-180},{"time":1.2083333333333335,"angle":90}],"translate":[{"time":0,"y":0,"x":0},{"time":0.6666666666666666,"y":0,"x":0},{"time":0.875,"y":172,"x":-159},{"time":1.0416666666666667,"y":140,"x":-211},{"time":1.2083333333333335,"y":12,"x":-286},{"time":1.2916666666666667,"y":38,"x":-313},{"time":1.375,"y":-6,"x":-320}]},"bone151111":{"scale":[{"time":0,"y":0.01,"x":0.01},{"time":0.625,"y":0.01,"x":0.01},{"time":0.6666666666666666,"y":1,"x":1}],"rotate":[{"time":0,"angle":0},{"time":0.6666666666666666,"angle":0},{"time":0.8333333333333333,"angle":-90},{"time":0.9999999999999999,"angle":-180},{"time":1.2083333333333333,"angle":90}],"translate":[{"time":0,"y":0,"x":0},{"time":0.6666666666666666,"y":0,"x":0},{"time":0.875,"y":174,"x":156},{"time":1.0416666666666667,"y":117,"x":225},{"time":1.2083333333333335,"y":-52,"x":315},{"time":1.2916666666666667,"y":-26,"x":324},{"time":1.375,"y":-52,"x":342}]},"bone15111":{"scale":[{"time":0,"y":0.01,"x":0.01},{"time":0.625,"y":0.01,"x":0.01},{"time":0.6666666666666666,"y":1,"x":1}],"rotate":[{"time":0,"angle":0},{"time":0.6666666666666666,"angle":0},{"time":0.9166666666666666,"angle":-180},{"time":1.0833333333333333,"angle":90},{"time":1.2916666666666665,"angle":-90}],"translate":[{"time":0,"y":0,"x":0},{"time":0.6666666666666666,"y":0,"x":0},{"time":0.9166666666666666,"y":197,"x":0},{"time":1.0833333333333333,"y":160,"x":-29},{"time":1.2916666666666665,"y":-92,"x":-64},{"time":1.3749999999999998,"y":-33,"x":-78},{"time":1.458333333333333,"y":-99,"x":-108}]},"bone2":{"scale":[{"time":0,"y":1,"x":1},{"time":0.5833333333333333,"y":1,"x":1},{"time":0.6249999999999999,"y":0.01,"x":0.01}],"rotate":[{"time":0,"angle":0},{"time":0.375,"angle":0},{"time":0.4166666666666667,"angle":-180}],"translate":[{"curve":[0.5,0,0.9560975609756096,1.5347593582887702],"time":0,"y":0,"x":0},{"curve":[0.6902439024390243,0.016042780748663082,0.9853658536585366,0.8983957219251336],"time":0.375,"y":507,"x":0},{"time":0.5833333333333333,"y":4,"x":0}]},"bone151":{"scale":[{"time":0,"y":0.01,"x":0.01},{"time":0.625,"y":0.01,"x":0.01},{"time":0.6666666666666666,"y":1,"x":1}],"rotate":[{"time":0,"angle":0},{"time":0.6666666666666666,"angle":0},{"time":0.7916666666666666,"angle":-90},{"time":0.9166666666666666,"angle":-180},{"time":1.0416666666666665,"angle":90},{"time":1.1666666666666665,"angle":0}],"translate":[{"time":0,"y":0,"x":0},{"time":0.6666666666666666,"y":-8.49,"x":0},{"time":0.875,"y":234.51,"x":-58},{"time":1.0416666666666667,"y":202.51,"x":-176},{"time":1.1666666666666667,"y":-66.49,"x":-243}]},"bone7":{"scale":[{"time":0,"y":0.01,"x":0.01},{"time":0.625,"y":0.01,"x":0.01},{"time":0.7083333333333334,"y":1,"x":1}]},"bone16":{"scale":[{"time":0,"y":0.01,"x":0.01},{"time":0.6666666666666666,"y":0.01,"x":0.01},{"time":1,"y":1,"x":1}]},"bone5":{"scale":[{"time":0,"y":0.01,"x":0.01},{"time":0.5833333333333333,"y":0.01,"x":0.01},{"time":0.6249999999999999,"y":1,"x":1},{"time":0.7083333333333333,"y":1.5,"x":1.5},{"time":0.7499999999999999,"y":0.01,"x":0.01}]},"bone13":{"scale":[{"time":0,"y":1,"x":1},{"time":0.5,"y":1,"x":1},{"time":0.625,"y":0.01,"x":0.01}]},"bone4":{"scale":[{"time":0,"y":0.01,"x":0.01},{"time":0.625,"y":0.01,"x":0.01},{"time":0.75,"y":2.5,"x":2.5},{"time":0.8333333333333334,"y":3,"x":3}]},"bone10":{"scale":[{"time":0,"y":0.01,"x":0.01},{"time":0.29166666666666663,"y":0.79,"x":1.45}],"translate":[{"time":0,"y":-14.09,"x":0}]},"bone15":{"scale":[{"time":0,"y":0.01,"x":0.01},{"time":0.625,"y":0.01,"x":0.01},{"time":0.6666666666666666,"y":1,"x":1}],"rotate":[{"time":0,"angle":0},{"time":0.6666666666666666,"angle":0},{"time":0.7916666666666666,"angle":-90},{"time":0.9166666666666666,"angle":-180},{"time":1,"angle":90}],"translate":[{"time":0,"y":0,"x":0},{"curve":[0.5,0,1,1],"time":0.6666666666666666,"y":7,"x":0},{"curve":[0,0,0.5,1],"time":0.7916666666666666,"y":225,"x":108},{"curve":[0,0,0.5,1],"time":0.9166666666666666,"y":156,"x":187},{"time":1,"y":43,"x":249}]},"bone6":{"scale":[{"time":0,"y":0.01,"x":0.01},{"time":0.5,"y":0.01,"x":0.01},{"time":0.5416666666666666,"y":3.2,"x":3.2},{"time":0.5833333333333333,"y":0.01,"x":0.01}]}}}},"bones":[{"name":"root"},{"parent":"root","name":"bone"},{"parent":"root","name":"bone17"},{"y":43.95,"parent":"bone","name":"bone16"},{"y":5.25,"parent":"bone","name":"bone14"},{"y":16.4,"parent":"bone","name":"bone10"},{"y":46,"parent":"bone","name":"bone12"},{"y":29.35,"parent":"bone","name":"bone7"},{"y":47.75,"parent":"bone","name":"bone13"},{"y":340.75,"length":1,"parent":"bone","name":"bone11"},{"y":19.55,"parent":"bone","name":"bone8"},{"y":16.55,"parent":"bone","name":"bone4"},{"y":36.9,"parent":"bone","name":"bone5"},{"y":86.75,"parent":"bone","name":"bone6"},{"y":58.8,"parent":"bone","name":"bone2"},{"y":-115.3181,"parent":"bone2","name":"bone3"},{"parent":"bone12","name":"bone15111"},{"y":-23,"parent":"bone12","name":"bone15"},{"parent":"bone12","name":"bone151"},{"parent":"bone12","name":"bone1511"},{"y":-55.85,"parent":"bone2","name":"bone1"},{"parent":"bone12","name":"bone151111"}],"skeleton":{"spine":"3.5.0","images":"","hash":"18d94c2f927ed0668510d9aefc2e7c68"}}