{"slots":[{"bone":"1_00000","attachment":"1_00003","name":"1_00000"},{"bone":"guangxian4_00000","attachment":"guangxian4_00000","name":"guangxian4_00000"}],"skins":{"default":{"guangxian4_00000":{"guangxian4_00000":{"y":-1.19,"scaleX":0.15,"width":543,"scaleY":0.55,"height":84,"x":1.4}},"1_00000":{"1_00003":{"height":82,"scaleX":0.75,"path":"预合成 1_00003","width":221,"scaleY":0.75},"shunziwenzi_00000":{"height":80,"scaleX":0.75,"width":111,"scaleY":0.75}}}},"animations":{"newAnimation":{"bones":{"guangxian4_00000":{"scale":[{"time":0,"y":0.01,"x":0.01},{"time":0.25,"y":0.01,"x":0.01},{"time":0.2916666666666667,"y":1,"x":1}]},"1_00000":{"translate":[{"time":0,"y":0,"x":-108},{"time":0.3333333333333333,"y":0,"x":-4},{"time":0.625,"y":0,"x":22},{"time":0.7916666666666666,"y":0,"x":80}]}},"slots":{"guangxian4_00000":{"color":[{"color":"ffffffff","time":0},{"color":"ffffffff","time":0.9999999999999999}]},"1_00000":{"color":[{"color":"ffffffff","time":0},{"color":"ffffffff","time":0.7916666666666666}],"attachment":[{"time":0,"name":"shunziwenzi_00000"},{"time":0.16666666666666666,"name":"1_00003"}]}}}},"bones":[{"name":"root"},{"name":"1_00000","y":0.7,"parent":"root","x":16.15},{"name":"guangxian4_00000","y":3.0641,"parent":"1_00000","x":-36.8551}],"skeleton":{"hash":"44e9cee871426ddaf4c702a05866489f","images":"","spine":"3.5.0"}}