{"frameRate":24,"name":"normal_change","version":"5.5","compatibleVersion":"5.5","armature":[{"type":"Armature","frameRate":24,"name":"normal_change_armature","aabb":{"x":-226,"y":-303,"width":461,"height":463},"bone":[{"name":"root"},{"name":"bone","parent":"root","transform":{"x":4.6,"y":-70.4}}],"slot":[{"name":"图层_183_拷贝_14","parent":"bone"},{"name":"圆角矩形_6","parent":"root"}],"skin":[{"slot":[{"name":"图层_183_拷贝_14","display":[{"name":"ready go/图层_183_拷贝_14","transform":{"x":-0.1,"y":-1.1}}]},{"name":"圆角矩形_6","display":[{"name":"ready go/圆角矩形_6","transform":{"x":2,"y":-79}}]}]}],"animation":[{"duration":25,"playTimes":0,"name":"normal_change_animation","bone":[{"name":"bone","rotateFrame":[{"duration":25,"tweenEasing":0},{"duration":0,"rotate":90}]}],"slot":[{"name":"图层_183_拷贝_14","colorFrame":[{"duration":25,"value":{"aM":55}}]}]}],"defaultActions":[{"gotoAndPlay":"normal_change_animation"}]}]}