{"slots":[{"bone":"bone2","attachment":"txt_feiji_z","name":"txt_feiji_z"}],"skins":{"default":{"txt_feiji_z":{"txt_feiji_z":{"height":82,"y":-29.49,"width":192}}}},"animations":{"newAnimation":{"bones":{"bone2":{"scale":[{"time":0,"y":0.01,"x":0.01},{"time":0.4583333333333333,"y":0.01,"x":0.01},{"time":0.5,"y":1,"x":1}],"translate":[{"time":0,"y":0,"x":0},{"time":0.5,"y":0,"x":0,"curve":[0,0,0.5,1]},{"time":0.875,"y":0,"x":222}]}},"slots":{"txt_feiji_z":{"color":[{"color":"ffffffff","time":0},{"color":"ffffffff","time":0.9583333333333333}]}}}},"bones":[{"name":"root"},{"name":"bone2","y":100,"parent":"root","x":-134.75}],"skeleton":{"hash":"950bc02f9740145e7ba51a9140d56672","images":"","spine":"3.5.0"}}