{"width":512,"SubTexture":[{"width":507,"y":1,"height":449,"name":"zhakai","x":1},{"frameWidth":260,"y":452,"frameHeight":250,"width":209,"frameX":-26,"height":205,"name":"合成 1_00004","frameY":-18,"x":1},{"frameWidth":260,"y":813,"frameHeight":250,"width":91,"frameX":-84,"height":101,"name":"合成 1_00000","frameY":-75,"x":1},{"frameWidth":260,"y":659,"frameHeight":250,"width":150,"frameX":-55,"height":152,"name":"合成 1_00002","frameY":-47,"x":1},{"frameWidth":260,"y":601,"frameHeight":250,"width":179,"frameX":-41,"height":178,"name":"合成 1_00003","frameY":-33,"x":212},{"frameWidth":260,"y":452,"frameHeight":250,"width":223,"frameX":-27,"height":147,"name":"合成 1_00005","frameY":-24,"x":212},{"frameWidth":260,"y":781,"frameHeight":250,"width":120,"frameX":-70,"height":127,"name":"合成 1_00001","frameY":-61,"x":153}],"height":1024,"name":"explosion","imagePath":"explosion_tex.png"}