{"frameRate":24,"name":"explosion","version":"5.5","compatibleVersion":"5.5","armature":[{"type":"Armature","frameRate":24,"name":"explosion_armature","aabb":{"x":-255,"y":-238,"width":507,"height":449},"bone":[{"name":"root"},{"name":"zhakai","parent":"root"},{"name":"bone","parent":"root"}],"slot":[{"name":"zhakai","parent":"zhakai"},{"displayIndex":5,"name":"合成 1_000001","parent":"bone"}],"skin":[{"slot":[{"name":"合成 1_000001","display":[{"name":"合成 1_00000","transform":{"x":4.53,"y":-2.38}},{"name":"合成 1_00001","transform":{"x":-144.74,"y":243.06}},{"name":"合成 1_00002","transform":{"x":3.55,"y":10.5}},{"name":"合成 1_00003","transform":{"x":160.26,"y":553.06}},{"name":"合成 1_00004","transform":{"x":-109.74,"y":553.06}},{"name":"合成 1_00005","transform":{"x":-0.89,"y":-0.29}}]},{"name":"zhakai","display":[{"name":"zhakai","transform":{"x":-1.5,"y":-13.5,"scX":0.3,"scY":0.3}}]}]}],"animation":[{"duration":3,"playTimes":0,"name":"explosion_animation","bone":[{"name":"zhakai","rotateFrame":[{"duration":3,"tweenEasing":0},{"duration":0,"rotate":60}],"scaleFrame":[{"tweenEasing":0,"x":0.01,"y":0.01},{"duration":2}]}],"slot":[{"name":"zhakai","colorFrame":[{},{"duration":2,"tweenEasing":0},{"duration":0,"value":{"aM":0}}]},{"name":"合成 1_000001","displayFrame":[{"value":5},{},{"value":2},{"duration":0,"value":3}]}]}],"defaultActions":[{"gotoAndPlay":"explosion_animation"}]}]}