[
    {
        "count": 6, 
        "skin": 2, 
        "materials": [
            {
                "count": 0, 
                "type": 1, 
                "degree": [
                    9999, 
                    9999, 
                    9999, 
                    9999
                ]
            }, 
            {
                "count": 0, 
                "type": 2, 
                "degree": [
                    9999, 
                    9999, 
                    9999
                ]
            }
        ], 
        "round": 1, 
        "strategys": [
            {
                "duration": 6, 
                "speed": 6, 
                "fadeTime": 4
            }, 
            {
                "duration": 6, 
                "speed": -6, 
                "fadeTime": 4
            }, 
            {
                "duration": 9999, 
                "speed": 9999, 
                "fadeTime": 9999
            }
        ]
    }, 
    {
        "count": 6, 
        "skin": 2, 
        "materials": [
            {
                "count": 1, 
                "type": 1, 
                "degree": [
                    -45, 
                    45, 
                    -135, 
                    135
                ]
            }, 
            {
                "count": 0, 
                "type": 2, 
                "degree": [
                    9999, 
                    9999, 
                    9999
                ]
            }
        ], 
        "round": 2, 
        "strategys": [
            {
                "duration": 6, 
                "speed": -6, 
                "fadeTime": 4
            }, 
            {
                "duration": 7, 
                "speed": 6, 
                "fadeTime": 4
            }, 
            {
                "duration": 8, 
                "speed": 6, 
                "fadeTime": 4
            }
        ]
    }, 
    {
        "count": 7, 
        "skin": 1, 
        "materials": [
            {
                "count": 0, 
                "type": 1, 
                "degree": [
                    9999, 
                    9999, 
                    9999, 
                    9999
                ]
            }, 
            {
                "count": 1, 
                "type": 2, 
                "degree": [
                    -45, 
                    45, 
                    180
                ]
            }
        ], 
        "round": 3, 
        "strategys": [
            {
                "duration": 7, 
                "speed": 6, 
                "fadeTime": 4
            }, 
            {
                "duration": 8, 
                "speed": -6, 
                "fadeTime": 4
            }, 
            {
                "duration": 9999, 
                "speed": 9999, 
                "fadeTime": 9999
            }
        ]
    }, 
    {
        "count": 6, 
        "skin": 2, 
        "materials": [
            {
                "count": 0, 
                "type": 1, 
                "degree": [
                    9999, 
                    9999, 
                    9999, 
                    9999
                ]
            }, 
            {
                "count": 0, 
                "type": 2, 
                "degree": [
                    9999, 
                    9999, 
                    9999
                ]
            }
        ], 
        "round": 4, 
        "strategys": [
            {
                "duration": 6, 
                "speed": 6.5, 
                "fadeTime": 4
            }, 
            {
                "duration": 7, 
                "speed": -6.5, 
                "fadeTime": 4
            }, 
            {
                "duration": 8, 
                "speed": 6.5, 
                "fadeTime": 4
            }
        ]
    }, 
    {
        "count": 6, 
        "skin": 2, 
        "materials": [
            {
                "count": 2, 
                "type": 1, 
                "degree": [
                    110, 
                    -70, 
                    -110, 
                    70
                ]
            }, 
            {
                "count": 0, 
                "type": 2, 
                "degree": [
                    9999, 
                    9999, 
                    9999
                ]
            }
        ], 
        "round": 5, 
        "strategys": [
            {
                "duration": 7, 
                "speed": 6, 
                "fadeTime": 4
            }, 
            {
                "duration": 8, 
                "speed": -6, 
                "fadeTime": 4
            }, 
            {
                "duration": 9, 
                "speed": 6, 
                "fadeTime": 4
            }
        ]
    }, 
    {
        "count": 7, 
        "skin": 1, 
        "materials": [
            {
                "count": 1, 
                "type": 1, 
                "degree": [
                    0, 
                    90, 
                    -90, 
                    -180
                ]
            }, 
            {
                "count": 1, 
                "type": 2, 
                "degree": [
                    -44, 
                    45, 
                    60
                ]
            }
        ], 
        "round": 6, 
        "strategys": [
            {
                "duration": 7, 
                "speed": 6, 
                "fadeTime": 4
            }, 
            {
                "duration": 8, 
                "speed": 6, 
                "fadeTime": 4
            }, 
            {
                "duration": 9, 
                "speed": -6, 
                "fadeTime": 4
            }
        ]
    }, 
    {
        "count": 7, 
        "skin": 3, 
        "materials": [
            {
                "count": 2, 
                "type": 1, 
                "degree": [
                    -70, 
                    -90, 
                    70, 
                    90
                ]
            }, 
            {
                "count": 0, 
                "type": 2, 
                "degree": [
                    9999, 
                    9999, 
                    9999
                ]
            }
        ], 
        "round": 7, 
        "strategys": [
            {
                "duration": 7, 
                "speed": -6.2, 
                "fadeTime": 4
            }, 
            {
                "duration": 8, 
                "speed": 6.2, 
                "fadeTime": 4
            }, 
            {
                "duration": 9, 
                "speed": -6.2, 
                "fadeTime": 4
            }
        ]
    }, 
    {
        "count": 7, 
        "skin": 3, 
        "materials": [
            {
                "count": 0, 
                "type": 1, 
                "degree": [
                    9999, 
                    9999, 
                    9999, 
                    9999
                ]
            }, 
            {
                "count": 0, 
                "type": 2, 
                "degree": [
                    9999, 
                    9999, 
                    9999
                ]
            }
        ], 
        "round": 8, 
        "strategys": [
            {
                "duration": 7, 
                "speed": 6.5, 
                "fadeTime": 4
            }, 
            {
                "duration": 7, 
                "speed": 6.5, 
                "fadeTime": 4
            }, 
            {
                "duration": 7, 
                "speed": -6.5, 
                "fadeTime": 4
            }
        ]
    }, 
    {
        "count": 8, 
        "skin": 1, 
        "materials": [
            {
                "count": 2, 
                "type": 1, 
                "degree": [
                    0, 
                    180, 
                    9999, 
                    -180
                ]
            }, 
            {
                "count": 1, 
                "type": 2, 
                "degree": [
                    -43, 
                    90, 
                    30
                ]
            }
        ], 
        "round": 9, 
        "strategys": [
            {
                "duration": 7, 
                "speed": 6, 
                "fadeTime": 4
            }, 
            {
                "duration": 8, 
                "speed": -6, 
                "fadeTime": 4
            }, 
            {
                "duration": 8, 
                "speed": 6, 
                "fadeTime": 4
            }
        ]
    }, 
    {
        "count": 7, 
        "skin": 3, 
        "materials": [
            {
                "count": 0, 
                "type": 1, 
                "degree": [
                    9999, 
                    9999, 
                    9999, 
                    9999
                ]
            }, 
            {
                "count": 0, 
                "type": 2, 
                "degree": [
                    9999, 
                    9999, 
                    9999
                ]
            }
        ], 
        "round": 10, 
        "strategys": [
            {
                "duration": 6, 
                "speed": -7, 
                "fadeTime": 4
            }, 
            {
                "duration": 6, 
                "speed": -7, 
                "fadeTime": 4
            }, 
            {
                "duration": 5, 
                "speed": 7, 
                "fadeTime": 4
            }
        ]
    }, 
    {
        "count": 7, 
        "skin": 3, 
        "materials": [
            {
                "count": 4, 
                "type": 1, 
                "degree": [
                    45, 
                    135, 
                    -45, 
                    -135
                ]
            }, 
            {
                "count": 0, 
                "type": 2, 
                "degree": [
                    9999, 
                    9999, 
                    9999
                ]
            }
        ], 
        "round": 11, 
        "strategys": [
            {
                "duration": 6, 
                "speed": 5, 
                "fadeTime": 3
            }, 
            {
                "duration": 5, 
                "speed": 5, 
                "fadeTime": 3
            }, 
            {
                "duration": 5, 
                "speed": -5.5, 
                "fadeTime": 3
            }
        ]
    }, 
    {
        "count": 8, 
        "skin": 1, 
        "materials": [
            {
                "count": 1, 
                "type": 1, 
                "degree": [
                    30, 
                    -30, 
                    150, 
                    -150
                ]
            }, 
            {
                "count": 1, 
                "type": 2, 
                "degree": [
                    -42, 
                    80, 
                    -90
                ]
            }
        ], 
        "round": 12, 
        "strategys": [
            {
                "duration": 5, 
                "speed": 6.5, 
                "fadeTime": 3
            }, 
            {
                "duration": 4, 
                "speed": -6.5, 
                "fadeTime": 3
            }, 
            {
                "duration": 5, 
                "speed": 6.5, 
                "fadeTime": 3
            }
        ]
    }, 
    {
        "count": 8, 
        "skin": 4, 
        "materials": [
            {
                "count": 1, 
                "type": 1, 
                "degree": [
                    40, 
                    -40, 
                    140, 
                    -140
                ]
            }, 
            {
                "count": 0, 
                "type": 2, 
                "degree": [
                    9999, 
                    9999, 
                    9999
                ]
            }
        ], 
        "round": 13, 
        "strategys": [
            {
                "duration": 5, 
                "speed": 7, 
                "fadeTime": 3
            }, 
            {
                "duration": 4, 
                "speed": -7, 
                "fadeTime": 3
            }, 
            {
                "duration": 4, 
                "speed": -7, 
                "fadeTime": 3
            }
        ]
    }, 
    {
        "count": 8, 
        "skin": 4, 
        "materials": [
            {
                "count": 3, 
                "type": 1, 
                "degree": [
                    120, 
                    -120, 
                    0, 
                    9999
                ]
            }, 
            {
                "count": 0, 
                "type": 2, 
                "degree": [
                    9999, 
                    9999, 
                    9999
                ]
            }
        ], 
        "round": 14, 
        "strategys": [
            {
                "duration": 5, 
                "speed": 5.5, 
                "fadeTime": 3
            }, 
            {
                "duration": 4, 
                "speed": -5.5, 
                "fadeTime": 3
            }, 
            {
                "duration": 4, 
                "speed": 5.5, 
                "fadeTime": 3
            }
        ]
    }, 
    {
        "count": 9, 
        "skin": 1, 
        "materials": [
            {
                "count": 2, 
                "type": 1, 
                "degree": [
                    50, 
                    -50, 
                    130, 
                    -130
                ]
            }, 
            {
                "count": 1, 
                "type": 2, 
                "degree": [
                    -41, 
                    70, 
                    100
                ]
            }
        ], 
        "round": 15, 
        "strategys": [
            {
                "duration": 4, 
                "speed": 6, 
                "fadeTime": 3
            }, 
            {
                "duration": 4, 
                "speed": -6, 
                "fadeTime": 3
            }, 
            {
                "duration": 4, 
                "speed": 6, 
                "fadeTime": 3
            }
        ]
    }, 
    {
        "count": 8, 
        "skin": 4, 
        "materials": [
            {
                "count": 0, 
                "type": 1, 
                "degree": [
                    9999, 
                    9999, 
                    9999, 
                    9999
                ]
            }, 
            {
                "count": 0, 
                "type": 2, 
                "degree": [
                    9999, 
                    9999, 
                    9999
                ]
            }
        ], 
        "round": 16, 
        "strategys": [
            {
                "duration": 4, 
                "speed": -7, 
                "fadeTime": 3
            }, 
            {
                "duration": 4, 
                "speed": 7, 
                "fadeTime": 3
            }, 
            {
                "duration": 3, 
                "speed": -7, 
                "fadeTime": 3
            }
        ]
    }, 
    {
        "count": 8, 
        "skin": 4, 
        "materials": [
            {
                "count": 1, 
                "type": 1, 
                "degree": [
                    60, 
                    -60, 
                    120, 
                    -120
                ]
            }, 
            {
                "count": 0, 
                "type": 2, 
                "degree": [
                    9999, 
                    9999, 
                    9999
                ]
            }
        ], 
        "round": 17, 
        "strategys": [
            {
                "duration": 4, 
                "speed": 7.2, 
                "fadeTime": 3
            }, 
            {
                "duration": 5, 
                "speed": -7.2, 
                "fadeTime": 3
            }, 
            {
                "duration": 5, 
                "speed": 7.2, 
                "fadeTime": 3
            }
        ]
    }, 
    {
        "count": 9, 
        "skin": 1, 
        "materials": [
            {
                "count": 1, 
                "type": 1, 
                "degree": [
                    70, 
                    -70, 
                    110, 
                    -110
                ]
            }, 
            {
                "count": 1, 
                "type": 2, 
                "degree": [
                    -40, 
                    60, 
                    10
                ]
            }
        ], 
        "round": 18, 
        "strategys": [
            {
                "duration": 3, 
                "speed": -7.2, 
                "fadeTime": 3
            }, 
            {
                "duration": 4, 
                "speed": 7.2, 
                "fadeTime": 3
            }, 
            {
                "duration": 4, 
                "speed": -7.2, 
                "fadeTime": 3
            }
        ]
    }, 
    {
        "count": 9, 
        "skin": 3, 
        "materials": [
            {
                "count": 3, 
                "type": 1, 
                "degree": [
                    60, 
                    -60, 
                    -180, 
                    9999
                ]
            }, 
            {
                "count": 0, 
                "type": 2, 
                "degree": [
                    9999, 
                    9999, 
                    9999
                ]
            }
        ], 
        "round": 19, 
        "strategys": [
            {
                "duration": 4, 
                "speed": 6.5, 
                "fadeTime": 3
            }, 
            {
                "duration": 4, 
                "speed": -6.5, 
                "fadeTime": 3
            }, 
            {
                "duration": 3, 
                "speed": 6.5, 
                "fadeTime": 3
            }
        ]
    }, 
    {
        "count": 9, 
        "skin": 3, 
        "materials": [
            {
                "count": 0, 
                "type": 1, 
                "degree": [
                    9999, 
                    9999, 
                    9999, 
                    9999
                ]
            }, 
            {
                "count": 0, 
                "type": 2, 
                "degree": [
                    9999, 
                    9999, 
                    9999
                ]
            }
        ], 
        "round": 20, 
        "strategys": [
            {
                "duration": 4, 
                "speed": 7.5, 
                "fadeTime": 3
            }, 
            {
                "duration": 4, 
                "speed": -7.5, 
                "fadeTime": 3
            }, 
            {
                "duration": 3, 
                "speed": -7.5, 
                "fadeTime": 3
            }
        ]
    }, 
    {
        "count": 10, 
        "skin": 1, 
        "materials": [
            {
                "count": 2, 
                "type": 1, 
                "degree": [
                    80, 
                    100, 
                    -80, 
                    -100
                ]
            }, 
            {
                "count": 1, 
                "type": 2, 
                "degree": [
                    -39, 
                    50, 
                    150
                ]
            }
        ], 
        "round": 21, 
        "strategys": [
            {
                "duration": 4, 
                "speed": -7, 
                "fadeTime": 3
            }, 
            {
                "duration": 3, 
                "speed": 7, 
                "fadeTime": 3
            }, 
            {
                "duration": 3, 
                "speed": -7, 
                "fadeTime": 3
            }
        ]
    }, 
    {
        "count": 9, 
        "skin": 4, 
        "materials": [
            {
                "count": 1, 
                "type": 1, 
                "degree": [
                    110, 
                    120, 
                    130, 
                    140
                ]
            }, 
            {
                "count": 0, 
                "type": 2, 
                "degree": [
                    9999, 
                    9999, 
                    9999
                ]
            }
        ], 
        "round": 22, 
        "strategys": [
            {
                "duration": 4, 
                "speed": 8, 
                "fadeTime": 3
            }, 
            {
                "duration": 3, 
                "speed": 8, 
                "fadeTime": 3
            }, 
            {
                "duration": 3, 
                "speed": -8, 
                "fadeTime": 3
            }
        ]
    }, 
    {
        "count": 9, 
        "skin": 4, 
        "materials": [
            {
                "count": 3, 
                "type": 1, 
                "degree": [
                    40, 
                    85, 
                    135, 
                    170
                ]
            }, 
            {
                "count": 0, 
                "type": 2, 
                "degree": [
                    9999, 
                    9999, 
                    9999
                ]
            }
        ], 
        "round": 23, 
        "strategys": [
            {
                "duration": 3, 
                "speed": 8, 
                "fadeTime": 3
            }, 
            {
                "duration": 3, 
                "speed": -8, 
                "fadeTime": 3
            }, 
            {
                "duration": 3, 
                "speed": 8, 
                "fadeTime": 3
            }
        ]
    }, 
    {
        "count": 10, 
        "skin": 1, 
        "materials": [
            {
                "count": 4, 
                "type": 1, 
                "degree": [
                    0, 
                    -90, 
                    90, 
                    -180
                ]
            }, 
            {
                "count": 1, 
                "type": 2, 
                "degree": [
                    -38, 
                    30, 
                    -45
                ]
            }
        ], 
        "round": 24, 
        "strategys": [
            {
                "duration": 3, 
                "speed": 8, 
                "fadeTime": 3
            }, 
            {
                "duration": 3, 
                "speed": 8, 
                "fadeTime": 3
            }, 
            {
                "duration": 3, 
                "speed": -8, 
                "fadeTime": 3
            }
        ]
    }
]