{"slots":[{"bone":"bone9","attachment":"txt_wangzha_w","name":"txt_wangzha"}],"skins":{"default":{"txt_wangzha":{"txt_wangzha_w":{"height":93,"width":134}}}},"animations":{"newAnimation":{"bones":{"bone9":{"scale":[{"time":0,"y":0.01,"x":0.01},{"time":1,"y":0.01,"x":0.01},{"time":1.125,"y":1.1,"x":1.1},{"time":1.2083333333333333,"y":1,"x":1}]}},"slots":{"txt_wangzha":{"color":[{"color":"ffffffff","time":0},{"color":"ffffffff","time":1.7499999999999998}]}}}},"bones":[{"name":"root"},{"y":50.85,"parent":"root","name":"bone9"}],"skeleton":{"hash":"0019100879d943fb5a6c35d2e48af96b","images":"","spine":"3.5.0"}}