{"frameRate":24,"name":"knife_shadow","version":"5.5","compatibleVersion":"5.5","armature":[{"type":"Armature","frameRate":24,"name":"knife_shadow_armature","aabb":{"x":-458.43,"y":-809.37,"width":1200,"height":1200},"bone":[{"name":"root"},{"name":"bone3","parent":"root"},{"name":"bone4","parent":"bone3","transform":{"x":155.3,"y":-239.15}},{"length":142,"name":"guidao","parent":"bone3","transform":{"x":8.7,"y":-245.55,"skX":54.68,"skY":54.68}},{"length":281,"name":"bone1","parent":"bone3","transform":{"x":-116.25,"y":-294.45,"skX":1.0992,"skY":1.0992}},{"length":153,"name":"bone","parent":"bone3","transform":{"x":3,"y":-199,"skX":90.08,"skY":90.08}},{"name":"5fe427e7_结果_00001","parent":"bone","transform":{"x":-118.1626,"y":-152.1852,"skX":-90.08,"skY":-90.08}},{"name":"fiy-knife_knife1","parent":"bone","transform":{"x":149.0003,"y":0.142}},{"name":"guidao1","parent":"guidao","transform":{"x":142.6028}},{"name":"a3b19495_结果_00000","parent":"bone","transform":{"x":-117.2626,"y":-152.1864,"skX":-90.08,"skY":-90.08}},{"length":5,"name":"bone2","parent":"bone1","transform":{"x":284.5262,"y":1.2422,"skX":-1.0992,"skY":-1.0992}}],"slot":[{"name":"fiy-knife_knife1","parent":"fiy-knife_knife1"},{"name":"guidao","parent":"guidao1"},{"name":"3672b7c4b4ae176c3860a2ffa9f2a5f1","parent":"bone2"},{"name":"a3b19495_结果_00000","parent":"a3b19495_结果_00000"},{"name":"5fe427e7_结果_00001","parent":"5fe427e7_结果_00001"},{"displayIndex":5,"name":"feidaotuowei_000021","parent":"bone4"}],"skin":[{"slot":[{"name":"feidaotuowei_000021","display":[{"name":"feidaotuowei_00002","transform":{"x":-49.8,"y":91.78}},{"name":"feidaotuowei_00003","transform":{"x":-49.8,"y":91.78}},{"name":"feidaotuowei_00004","transform":{"x":-49.8,"y":91.78}},{"name":"feidaotuowei_00005","transform":{"x":-49.8,"y":91.78}},{"name":"feidaotuowei_00006","transform":{"x":-49.8,"y":91.78}},{"name":"feidaotuowei_00007","transform":{"x":-49.8,"y":91.78}}]},{"name":"5fe427e7_结果_00001","display":[{"name":"5fe427e7_结果_00001","transform":{"x":1.88,"y":1.99,"scX":0.3,"scY":0.3}}]},{"name":"a3b19495_结果_00000","display":[{"name":"a3b19495_结果_00000","transform":{"x":1.1,"y":1.49,"scX":0.5,"scY":0.5}}]},{"name":"3672b7c4b4ae176c3860a2ffa9f2a5f1","display":[{"type":"mesh","name":"3672b7c4b4ae176c3860a2ffa9f2a5f1","width":1200,"height":1200,"vertices":[-79.59,153.22,-61.57,150.62,-40.43,135.69,-29.25,110.46,-29.46,99.27,-18.65,63.23,-11.45,26.44,-20.1,-2.57,-16.02,-13.24,-9.81,-5.9,-20.2,-35.04,-26.08,-53.4,-13.01,-57.15,7.83,-41.95,17.66,-13.86,23,19.87,21.67,56.76,9.06,105.58,-8.98,139.27,-31.48,168.38,-53.38,188.37,-76.01,200.59,-93.22,205.2,-105.51,207.46,-115.17,200.74,-114.56,193.38,-102.97,190.51,-89.64,184.15,-68.82,178.47,-53.18,164.91,-68.93,167.79,-80.79,170.6,-91.83,159.9],"uvs":[0.25683,0.3865,0.27917,0.45454,0.33675,0.51913,0.413,0.53092,0.44238,0.51567,0.54688,0.51212,0.65025,0.49329,0.71946,0.42167,0.75117,0.42408,0.73708,0.45813,0.80517,0.37946,0.84863,0.3325,0.86975,0.37946,0.84746,0.48163,0.78171,0.55675,0.69717,0.62133,0.59858,0.66354,0.45879,0.67646,0.35429,0.64833,0.25808,0.59667,0.18646,0.53563,0.13475,0.46167,0.10779,0.39942,0.09129,0.35363,0.10075,0.30667,0.12071,0.29963,0.13825,0.34187,0.1665,0.3865,0.19937,0.46167,0.24863,0.50621,0.2275,0.4475,0.20988,0.40413,0.22867,0.34658],"triangles":[11,10,12,10,13,12,9,14,13,9,6,14,6,15,14,7,9,8,7,6,9,5,16,6,6,16,15,5,17,16,4,17,5,4,3,17,3,18,17,2,18,3,2,19,18,1,29,2,29,19,2,29,20,19,0,30,1,30,29,1,31,30,0,32,31,0,28,20,29,21,20,28,27,21,28,26,22,27,22,21,27,23,22,26,25,24,26,24,23,26,13,9,10],"edges":[0,1,1,2,2,3,3,4,4,5,5,6,6,7,7,8,8,9,9,10,10,11,11,12,12,13,13,14,14,15,15,16,16,17,17,18,18,19,19,20,20,21,21,22,22,23,23,24,24,25,25,26,26,27,27,28,28,29,29,30,30,31,31,32,32,0],"userEdges":[]}]},{"name":"guidao","display":[{"type":"mesh","name":"guidao","width":390,"height":390,"vertices":[-71.6,-87.54,-21.6,-149.48,39.18,-74.26,67.21,5.55,77.22,106.16,45.44,179.26,30.69,189.02,-64.36,70.87,-57.49,51.8,-37.23,35.36,-31.85,-1.87,-39.11,-40.41,-55.98,-75.08],"uvs":[0.48513,0.12308,0.75064,0.03872,0.8259,0.28103,0.78641,0.49615,0.65372,0.73821,0.42949,0.8691,0.36513,0.87449,0.24833,0.49436,0.30218,0.45859,0.39551,0.44423,0.47436,0.36513,0.51397,0.26846,0.51577,0.16962],"triangles":[11,10,3,1,12,2,12,11,2,11,3,2,10,4,3,10,9,4,0,12,1,9,5,4,8,7,9,9,7,5,7,6,5],"edges":[1,2,2,3,3,4,4,5,5,6,6,7,7,8,8,9,9,10,10,11,0,1,11,12,12,0],"userEdges":[]}]},{"name":"fiy-knife_knife1","display":[{"name":"fiy-knife_knife1","transform":{"x":-4.61,"y":-0.44,"scX":0.6,"scY":0.6}}]}]}],"animation":[{"duration":14,"playTimes":0,"name":"knife_shadow_animation","bone":[{"name":"root","scaleFrame":[{"duration":14,"x":-1}]},{"name":"bone","translateFrame":[{"duration":6},{"duration":3,"tweenEasing":0},{"duration":4,"tweenEasing":0,"x":8.31,"y":-64.57},{"x":24.37,"y":-64.57}],"rotateFrame":[{"duration":5,"tweenEasing":0},{"tweenEasing":0,"rotate":-76.98},{"duration":3,"tweenEasing":0,"rotate":-92},{"duration":4,"tweenEasing":0,"rotate":-92},{"rotate":-158}]},{"name":"fiy-knife_knife1","rotateFrame":[{"duration":5,"tweenEasing":0},{"tweenEasing":0,"rotate":-0.07},{"duration":8}],"scaleFrame":[{"duration":2,"tweenEasing":0,"x":0.01,"y":0.01},{"duration":4,"tweenEasing":0,"x":-0.5,"y":0.5},{"duration":4,"tweenEasing":0,"x":-1},{"tweenEasing":0,"x":-1},{"duration":3,"x":0.01,"y":0.01}]},{"name":"5fe427e7_结果_00001","translateFrame":[{"duration":5,"tweenEasing":0,"x":266.25,"y":108.07},{"duration":9,"x":270.2,"y":93.82}],"rotateFrame":[{"duration":5},{"duration":9,"rotate":-0.07}],"scaleFrame":[{"duration":5,"tweenEasing":0,"x":0.01,"y":0.01},{"duration":4,"tweenEasing":0,"x":0.01,"y":0.01},{"tweenEasing":0},{"tweenEasing":0},{"duration":3,"x":0.01,"y":0.01}]},{"name":"a3b19495_结果_00000","translateFrame":[{"duration":14,"x":266.57,"y":96.28}],"rotateFrame":[{"duration":5},{"duration":5,"tweenEasing":0,"rotate":-0.07},{"duration":4}],"scaleFrame":[{"duration":6,"tweenEasing":0,"x":0.01,"y":0.01},{"duration":3,"tweenEasing":0,"x":0.01,"y":0.01},{"tweenEasing":0},{"tweenEasing":0},{"duration":3,"x":0.01,"y":0.01}]},{"name":"guidao","translateFrame":[{"duration":8},{"duration":3,"tweenEasing":0,"y":-40},{"duration":3,"x":14}],"rotateFrame":[{"duration":5,"tweenEasing":0,"rotate":52},{"tweenEasing":0,"rotate":-1.57},{"duration":2,"tweenEasing":0,"rotate":-12},{"duration":3,"tweenEasing":0,"rotate":-12},{"duration":3,"tweenEasing":0,"rotate":-74},{"duration":0,"rotate":-98}]},{"name":"guidao1","translateFrame":[{"duration":3},{"duration":3,"tweenEasing":0,"x":41.5},{"duration":8}],"rotateFrame":[{"duration":5},{"duration":9,"rotate":-0.07}],"scaleFrame":[{"duration":3,"tweenEasing":0,"x":0.01,"y":0.01},{"duration":3,"tweenEasing":0,"x":0.01,"y":0.01},{"duration":4,"tweenEasing":0},{"tweenEasing":0},{"duration":3,"x":0.01,"y":0.01}]},{"name":"bone1","rotateFrame":[{"duration":5,"tweenEasing":0,"rotate":63},{"duration":3,"tweenEasing":0,"rotate":23.43},{"duration":4,"tweenEasing":0},{"duration":2,"rotate":-39}]},{"name":"bone2","translateFrame":[{"duration":2},{"tweenEasing":0,"x":22,"y":-25},{"tweenEasing":0,"x":30,"y":-27},{"tweenEasing":0,"x":22,"y":-26},{"tweenEasing":0,"x":16,"y":-25},{"tweenEasing":0,"x":-1,"y":-45},{"tweenEasing":0,"x":4,"y":-19},{"duration":6,"tweenEasing":0},{"duration":0,"x":-69}],"rotateFrame":[{"duration":3},{"tweenEasing":0,"rotate":-14},{"tweenEasing":0,"rotate":-9},{"tweenEasing":0,"rotate":-9.32},{"tweenEasing":0,"rotate":-25},{"tweenEasing":0,"rotate":-12},{"duration":6,"tweenEasing":0},{"duration":0,"rotate":-29}],"scaleFrame":[{"duration":3,"tweenEasing":0,"x":0.01,"y":0.01},{"tweenEasing":0,"x":0.01,"y":0.01},{"duration":4,"tweenEasing":0,"x":0.61,"y":0.56},{"duration":2,"tweenEasing":0},{"tweenEasing":0},{"duration":3,"x":0.01,"y":0.01}]},{"name":"bone4","rotateFrame":[{"duration":5},{"duration":9,"rotate":-0.07}],"scaleFrame":[{"duration":10},{"tweenEasing":0},{"duration":3,"x":0.01,"y":0.01}]},{"name":"bone3","translateFrame":[{"duration":14,"y":29.3}],"scaleFrame":[{"duration":14,"x":1.5,"y":1.5}]}],"slot":[{"name":"guidao","colorFrame":[{"duration":10},{"tweenEasing":0},{"duration":3,"value":{"aM":0}}]},{"name":"feidaotuowei_000021","displayFrame":[{"duration":5,"value":-1},{},{"value":1},{"value":2},{"value":3},{"value":4},{"value":5},{"duration":3,"value":-1}],"colorFrame":[{"duration":10},{"duration":2,"tweenEasing":0},{"duration":2,"value":{"aM":0}}]}],"zOrder":{"frame":[{"duration":14,"zOrder":[0,2]}]}}],"defaultActions":[{"gotoAndPlay":"knife_shadow_animation"}]}]}