{"width":2048,"SubTexture":[{"frameWidth":132,"y":1203,"frameHeight":305,"width":109,"frameX":-13,"height":280,"name":"fiy-knife_knife1","frameY":-10,"x":393},{"width":390,"y":1203,"height":390,"name":"guidao","x":1},{"width":1200,"y":1,"height":1200,"name":"3672b7c4b4ae176c3860a2ffa9f2a5f1","x":1},{"frameWidth":256,"y":1595,"frameHeight":256,"width":220,"frameX":-18,"height":241,"name":"a3b19495_结果_00000","frameY":-7,"x":241},{"frameWidth":256,"y":1595,"frameHeight":256,"width":238,"frameX":-8,"height":241,"name":"5fe427e7_结果_00001","frameY":-8,"x":1},{"frameWidth":180,"y":1485,"frameHeight":460,"width":34,"frameX":-18,"height":16,"name":"feidaotuowei_00002","frameY":-284,"x":393},{"frameWidth":180,"y":1485,"frameHeight":460,"width":113,"frameX":-64,"height":249,"name":"feidaotuowei_00007","frameY":-33,"x":463},{"frameWidth":180,"y":1838,"frameHeight":460,"width":118,"frameX":-55,"height":209,"name":"feidaotuowei_00006","frameY":-75,"x":1},{"frameWidth":180,"y":1838,"frameHeight":460,"width":130,"frameX":-36,"height":89,"name":"feidaotuowei_00004","frameY":-202,"x":247},{"frameWidth":180,"y":1988,"frameHeight":460,"width":71,"frameX":-27,"height":35,"name":"feidaotuowei_00003","frameY":-260,"x":121},{"frameWidth":180,"y":1838,"frameHeight":460,"width":124,"frameX":-46,"height":148,"name":"feidaotuowei_00005","frameY":-139,"x":121}],"height":2048,"name":"knife_shadow","imagePath":"knife_shadow_tex.png"}