{"slots":[{"name":"light","bone":"light","attachment":"light_g_4"},{"name":"00011","bone":"bone","attachment":"00014_2"},{"name":"3_00013","bone":"bone1","attachment":"3_00017"}],"skins":{"default":{"3_00013":{"3_00017":{"height":58,"width":215,"x":-16.67},"3_00014":{"height":58,"width":110,"x":42.31},"3_00015":{"height":58,"width":148,"x":16.67},"3_00016":{"height":58,"width":185,"x":-2.56},"3_00013":{"height":58,"width":72,"x":64.1}},"light":{"light_g_4":{"height":31,"y":32.25,"scaleX":4,"width":50,"scaleY":4}},"00011":{"00012_2":{"height":70,"y":-5.13,"width":169},"00015_2":{"height":76,"y":-5.13,"width":186,"x":-12.76},"00014_2":{"height":85,"width":201,"x":-6.41},"00013_2":{"height":63,"y":-12.82,"width":156,"x":-5.19},"00011_2":{"height":79,"width":188,"x":5.13}}}},"animations":{"newAnimation":{"bones":{"light":{"scale":[{"time":0,"y":1,"x":1},{"time":0.125,"y":0.01,"x":0.01},{"time":0.16666666666666666,"y":1,"x":1}],"translate":[{"time":0,"y":0,"x":0},{"time":0.7916666666666666,"y":0,"x":0},{"time":1,"y":0,"x":50}]}},"slots":{"00011":{"attachment":[{"time":0,"name":"00014_2"},{"time":0.041666666666666664,"name":null},{"time":0.08333333333333333,"name":"00011_2"},{"time":0.16666666666666666,"name":"00012_2"},{"time":0.25,"name":"00013_2"},{"time":0.3333333333333333,"name":"00014_2"},{"time":0.41666666666666663,"name":"00015_2"},{"time":0.49999999999999994,"name":null}]},"light":{"color":[{"color":"ffffffff","time":0},{"color":"ffffffff","time":1}]},"3_00013":{"color":[{"color":"ffffffff","time":0},{"color":"ffffffff","time":0.6666666666666666}],"attachment":[{"time":0,"name":"3_00017"},{"time":0.041666666666666664,"name":null},{"time":0.08333333333333333,"name":"3_00013"},{"time":0.16666666666666666,"name":"3_00014"},{"time":0.25,"name":"3_00015"},{"time":0.3333333333333333,"name":"3_00016"},{"time":0.41666666666666663,"name":"3_00017"}]}}}},"bones":[{"name":"root"},{"parent":"root","name":"bone"},{"y":-32.25,"parent":"root","name":"light"},{"parent":"root","name":"bone1"}],"skeleton":{"spine":"3.5.0","images":"","hash":"0ae3eb442e91c187485ca522345bc28e"}}