{"slots":[{"name":"light_g","bone":"bone","attachment":"0/light_g_4"},{"name":"7c845f86_00000","bone":"bone3","attachment":"7c845f86_00000_4"},{"name":"lizi_00016","bone":"bone4","attachment":"lizi_00026_2"},{"bone":"bone5","name":"guang_00021"},{"name":"guangxian4_00001","bone":"bone6","attachment":"guangxian4_00001_2"}],"skins":{"default":{"guangxian4_00001":{"guangxian4_00001_2":{"height":42,"scaleX":1.4,"width":272,"scaleY":1.4}},"lizi_00016":{"lizi_00016_2":{"height":156,"scaleX":1.1,"width":155,"scaleY":0.5552},"lizi_00020_2":{"height":226,"scaleX":1.1,"width":241,"scaleY":0.5552},"lizi_00022_2":{"height":233,"scaleX":1.1,"width":265,"scaleY":0.5552},"lizi_00026_2":{"height":233,"scaleX":1.1,"width":265,"scaleY":0.55},"lizi_00018_2":{"height":198,"scaleX":1.1,"width":197,"scaleY":0.5552},"lizi_00024_2":{"height":233,"scaleX":1.1,"width":265,"scaleY":0.5552}},"light_g":{"0/light_g_4":{"scaleY":4,"height":31,"scaleX":4,"width":50,"x":1}},"guang_00021":{"guang_00021_2":{"scaleY":0.75,"height":137,"width":138,"x":-68.73},"guang_00024_2":{"scaleY":0.75,"height":129,"y":4.82,"width":176,"x":-25.3},"guang_00023_2":{"scaleY":0.75,"height":140,"width":193,"x":-28.92},"guang_00028_2":{"scaleY":0.75,"height":132,"y":-2.41,"width":190,"x":33.67},"guang_00026_2":{"scaleY":0.75,"height":140,"width":181,"x":15.6},"guang_00027_2":{"scaleY":0.75,"height":139,"width":170,"x":22.89},"guang_00029_2":{"scaleY":0.75,"height":127,"y":10.84,"width":136,"x":54.22},"guang_00025_2":{"height":137,"width":159,"scaleY":0.75}},"7c845f86_00000":{"7c845f86_00000_4":{"height":34,"y":5.82,"scaleX":4,"width":62,"scaleY":4}}}},"animations":{"newAnimation":{"slots":{"guangxian4_00001":{"color":[{"color":"ffffffff","time":0},{"color":"ffffffff","time":1.0416666666666665}]},"lizi_00016":{"color":[{"color":"ffffffff","time":0},{"color":"ffffffff","time":0.75}],"attachment":[{"time":0,"name":null},{"time":0.41666666666666663,"name":"lizi_00016_2"},{"time":0.4583333333333333,"name":"lizi_00018_2"},{"time":0.5,"name":"lizi_00020_2"},{"time":0.5416666666666666,"name":"lizi_00022_2"},{"time":0.5833333333333333,"name":"lizi_00024_2"},{"time":0.6249999999999999,"name":"lizi_00026_2"}]},"guang_00021":{"attachment":[{"time":0,"name":null},{"time":0.5,"name":"guang_00021_2"},{"time":0.5416666666666666,"name":"guang_00023_2"},{"time":0.5833333333333333,"name":"guang_00024_2"},{"time":0.6249999999999999,"name":"guang_00025_2"},{"time":0.6666666666666665,"name":"guang_00026_2"},{"time":0.7083333333333331,"name":"guang_00027_2"},{"time":0.7499999999999998,"name":"guang_00028_2"},{"time":0.7916666666666664,"name":"guang_00029_2"},{"time":0.8749999999999998,"name":null}]}},"draworder":[{"time":0,"offsets":[{"slot":"lizi_00016","offset":-1},{"slot":"guang_00021","offset":-3}]},{"time":0.041666666666666664,"offsets":[{"slot":"7c845f86_00000","offset":3},{"slot":"lizi_00016","offset":0}]}],"bones":{"bone3":{"scale":[{"time":0,"y":1,"x":1},{"time":0.375,"y":1,"x":1},{"time":0.5,"y":0.01,"x":1.8},{"time":0.5416666666666666,"y":0.01,"x":0.01}]},"bone2":{"scale":[{"time":0,"y":1,"x":1},{"time":1,"y":1,"x":1},{"time":1.0416666666666667,"y":0.01,"x":0.01}]},"bone":{"scale":[{"time":0,"y":0.01,"x":0.01},{"time":0.20833333333333331,"y":1,"x":1},{"time":0.3333333333333333,"y":1,"x":1.18},{"time":0.7083333333333333,"y":1,"x":1.15}]},"bone6":{"scale":[{"time":0,"y":1,"x":1},{"time":0.25,"y":1,"x":0.75},{"time":0.375,"y":1,"x":1.15},{"time":0.4166666666666667,"y":1,"x":1.2},{"time":0.5,"y":1,"x":0.75}]}}}},"bones":[{"name":"root"},{"parent":"root","name":"bone2"},{"parent":"bone2","name":"bone4"},{"name":"bone","y":2,"parent":"bone2","x":2},{"name":"bone3","y":-2,"parent":"bone","x":-2},{"parent":"bone4","name":"bone5"},{"name":"bone6","y":-2,"parent":"bone","x":-2}],"skeleton":{"spine":"3.5.0","images":"","hash":"7904b1d0147a9ec8f18f31007468c1a4"}}