{"slots":[{"bone":"bone4","attachment":"txt_zhadan","name":"txt_zhadan"}],"skins":{"default":{"txt_zhadan":{"txt_zhadan":{"height":82,"rotation":-180,"width":142}}}},"animations":{"newAnimation":{"bones":{"bone4":{"scale":[{"time":0,"y":0.01,"x":0.01},{"time":0.5,"y":0.01,"x":0.01},{"time":0.625,"y":1.15,"x":1.15},{"time":0.7083333333333334,"y":1,"x":1}]},"bone11":{"translate":[{"time":0,"y":0,"x":0},{"time":0.5,"y":24,"x":0},{"time":0.5833333333333334,"y":0,"x":0}]}},"slots":{"txt_zhadan":{"color":[{"color":"ffffffff","time":0},{"color":"ffffffff","time":1.0416666666666667}]}}}},"bones":[{"name":"root"},{"name":"bone11","y":-9.75,"parent":"root","x":57.7},{"y":9.75,"length":1,"parent":"bone11","name":"bone4","rotation":-180,"x":-57.7}],"skeleton":{"hash":"4dbc304c6f7dbf5561aec33065415849","images":"","spine":"3.5.0"}}