{"bones":[{"name":"root"},{"name":"1_00000","y":0.7,"parent":"root","x":16.15},{"name":"guangxian4_00000","y":6.9103,"rotation":0.1853,"parent":"1_00000","x":-44.3551}],"skeleton":{"spine":"3.5.0","images":"","hash":"00d0c0877e04da7745395c0377076dc6"},"slots":[{"attachment":"txt_shunzi","bone":"1_00000","name":"1_00000"},{"attachment":"guangxian4_00000","bone":"guangxian4_00000","name":"guangxian4_00000"}],"animations":{"newAnimation":{"slots":{"1_00000":{"color":[{"color":"ffffffff","time":0},{"color":"ffffffff","time":0.7916666666666666}],"attachment":[{"time":0,"name":"txt_shunzi"},{"time":0.16666666666666666,"name":"hayushunzi22"}]},"guangxian4_00000":{"color":[{"color":"ffffffff","time":0},{"color":"ffffffff","time":0.9999999999999999}]}},"bones":{"1_00000":{"translate":[{"time":0,"y":0,"x":-108},{"time":0.3333333333333333,"y":0,"x":-4},{"time":0.625,"y":0,"x":22},{"time":0.7916666666666666,"y":0,"x":80}]},"guangxian4_00000":{"scale":[{"time":0,"y":0.01,"x":0.01},{"time":0.25,"y":0.01,"x":0.01},{"time":0.2916666666666667,"y":1,"x":1}]}}}},"skins":{"default":{"1_00000":{"hayushunzi22":{"height":78,"scaleX":0.75,"path":"hayushunzi (22)","width":267,"scaleY":0.75},"txt_shunzi":{"height":75,"scaleX":0.75,"width":157,"scaleY":0.75}},"guangxian4_00000":{"guangxian4_00000":{"y":-1.19,"scaleX":0.15,"width":543,"scaleY":0.55,"height":84,"x":1.4}}}}}