{"slots":[{"name":"zd","bone":"zd","attachment":"0/zhadan_yiban"},{"name":"zhadanhuohua2","bone":"zhadanhuohua2","attachment":"0/zhadanhuohua2_yiban"},{"name":"light_00000","bone":"light_00000","attachment":"cheng"}],"skins":{"default":{"zhadanhuohua2":{"0/zhadanhuohua2_yiban":{"height":26,"scaleX":2,"width":25,"scaleY":2}},"light_00000":{"cheng":{"height":38,"scaleX":2,"width":102,"scaleY":2}},"zd":{"zhadan_2_yiban":{"height":32,"scaleX":2,"width":30,"scaleY":2},"0/zhadan_yiban":{"height":32,"scaleX":2,"width":30,"scaleY":2}}}},"animations":{"newAnimation":{"slots":{"zd":{"attachment":[{"time":0,"name":"0/zhadan_yiban"},{"time":0.5,"name":"zhadan_2_yiban"},{"time":0.625,"name":null}]}},"draworder":[{"time":0.4583333333333333,"offsets":[{"slot":"zd","offset":2},{"slot":"zhadanhuohua2","offset":0}]}],"bones":{"zhadanhuohua2":{"scale":[{"time":0,"y":1.4,"x":1.4},{"time":0.125,"y":0.5,"x":0.5},{"time":0.25,"y":1.4,"x":1.4},{"time":0.375,"y":0.5,"x":0.5},{"time":0.5,"y":1.4,"x":1.4},{"time":0.625,"y":0.01,"x":0.01}]},"light_00000":{"scale":[{"time":0,"y":0.01,"x":0.01},{"time":0.125,"y":0.01,"x":0.01},{"time":0.20833333333333331,"y":1,"x":1},{"time":0.4583333333333333,"y":1,"x":1},{"time":0.5,"y":0.01,"x":0.01}],"translate":[{"time":0,"y":0,"x":0},{"time":0.16666666666666666,"y":2,"x":-68},{"time":0.20833333333333331,"y":7,"x":-55.32},{"time":0.375,"y":-16.25,"x":-254.46},{"time":0.4583333333333333,"y":-75.97,"x":-456.71}]},"zd":{"translate":[{"time":0,"y":315,"x":1095.55},{"curve":[0,0,0.5,1],"time":0.25,"y":459,"x":892},{"curve":[0.5,0,1,1],"time":0.375,"y":413,"x":716.89},{"time":0.4583333333333333,"y":208,"x":529}],"rotate":[{"time":0,"angle":0},{"time":0.125,"angle":-90},{"time":0.25,"angle":-180},{"time":0.375,"angle":90},{"time":0.4583333333333333,"angle":0}]},"bone11":{"translate":[{"time":0,"y":0,"x":0},{"time":0.5,"y":24,"x":0},{"time":0.5833333333333334,"y":0,"x":0}]}}}},"bones":[{"name":"root"},{"name":"zd","y":-220.85,"parent":"root","x":-532.85},{"name":"bone11","y":-9.75,"parent":"root","x":57.7},{"name":"light_00000","y":45.38,"parent":"bone11","x":392.7266},{"name":"zhadanhuohua2","y":32.55,"parent":"zd","x":34.75}],"skeleton":{"spine":"3.5.0","images":"","hash":"af0a6adc9453156eb5cfd0d049ece137"}}