{"slots":[{"name":"yan","bone":"bone1","attachment":"yan_00016_2"},{"name":"1","bone":"bone","attachment":"feiji/1_2"}],"skins":{"default":{"1":{"feiji/1_2":{"y":2,"scaleX":2,"width":284,"scaleY":2,"height":110,"x":-86}},"yan":{"yan_00016_2":{"y":-60.58,"scaleX":2,"width":601,"scaleY":2,"height":141,"x":-563.14}}}},"animations":{"newAnimation":{"bones":{"bone1":{"scale":[{"time":0,"y":1,"x":1},{"time":0.8333333333333333,"y":1,"x":1},{"time":1.0416666666666665,"y":1.05,"x":1.05}],"translate":[{"time":0,"y":0,"x":12.5}]},"bone":{"translate":[{"curve":[0.5,0,1,1],"time":0,"y":76.83,"x":0},{"curve":[0,0,0.5,1],"time":0.625,"y":177.36,"x":663.14},{"time":1.0416666666666665,"y":335,"x":1703}]}},"slots":{"yan":{"color":[{"color":"ffffffff","time":0},{"color":"ffffffff","time":1.0416666666666665}]}}}},"bones":[{"name":"root"},{"x":-762,"y":-40,"length":1,"parent":"root","name":"bone"},{"name":"bone1","y":-20,"parent":"bone","x":-108}],"skeleton":{"spine":"3.5.0","images":"","hash":"2c270cdf0e1cabf91627dccfd22abd04"}}