{"bones":[{"name":"root"},{"parent":"root","name":"bone2"}],"slots":[{"bone":"bone2","attachment":"0/txt_liandui","name":"txt_liandui"}],"skeleton":{"spine":"3.5.0","images":"","hash":"832eab4095831d1a3c69070b14e61dd8"},"skins":{"default":{"txt_liandui":{"0/txt_liandui":{"height":53,"width":77}}}},"animations":{"newAnimation":{"bones":{"bone2":{"scale":[{"time":0,"y":0.01,"x":0.01},{"time":0.125,"y":1.1,"x":1.1},{"time":0.25,"y":0.89,"x":0.89},{"time":0.375,"y":1,"x":1},{"time":1,"y":1,"x":1},{"time":1.0416666666666667,"y":0.01,"x":0.01}]}}}}}