{"bones":[{"name":"root"},{"y":50.85,"parent":"root","name":"bone9"}],"slots":[{"bone":"bone9","attachment":"txt_wangzha_h","name":"txt_wangzha"}],"skeleton":{"spine":"3.5.0","images":"","hash":"463282c5c7175d0cd643b524292a8ee4"},"skins":{"default":{"txt_wangzha":{"txt_wangzha_h":{"height":94,"width":157}}}},"animations":{"newAnimation":{"bones":{"bone9":{"scale":[{"time":0,"y":0.01,"x":0.01},{"time":1,"y":0.01,"x":0.01},{"time":1.125,"y":1.1,"x":1.1},{"time":1.2083333333333333,"y":1,"x":1}]}},"slots":{"txt_wangzha":{"color":[{"color":"ffffffff","time":0},{"color":"ffffffff","time":1.7499999999999998}]}}}}}