{"SubTexture":[{"y":1,"frameX":-7,"frameHeight":203,"frameY":-6,"width":239,"frameWidth":250,"height":197,"name":"组 23","x":342},{"y":724,"frameX":-3,"frameHeight":240,"frameY":-2,"width":209,"frameWidth":214,"height":238,"name":"组 33","x":686},{"y":469,"frameX":-4,"frameHeight":255,"frameY":-2,"width":269,"frameWidth":277,"height":253,"name":"组 31","x":686},{"y":200,"frameX":0,"frameHeight":201,"frameY":-4,"width":133,"frameWidth":138,"height":194,"name":"组 32","x":342},{"y":724,"frameX":0,"frameHeight":236,"frameY":-11,"width":95,"frameWidth":101,"height":218,"name":"组 22","x":897},{"y":831,"frameX":0,"frameHeight":168,"frameY":0,"width":201,"frameWidth":205,"height":164,"name":"组 21","x":340},{"y":469,"frameX":-9,"frameHeight":368,"frameY":0,"width":344,"frameWidth":353,"height":360,"name":"组 3","x":340},{"y":469,"frameX":-8,"frameHeight":474,"frameY":0,"width":337,"frameWidth":345,"height":466,"name":"组 2","x":1},{"y":1,"frameX":-4,"frameHeight":477,"frameY":-7,"width":339,"frameWidth":343,"height":466,"name":"组 1","x":1}],"width":1024,"imagePath":"broken1_tex.png","name":"broken1","height":1024}