{"SubTexture":[{"width":250,"y":748,"height":199,"name":"x22","x":702},{"width":286,"y":486,"height":260,"name":"x12","x":702},{"width":207,"y":1,"height":237,"name":"x32","x":357},{"width":106,"y":212,"height":234,"name":"x23","x":584},{"width":154,"y":1,"height":209,"name":"x33","x":566},{"width":225,"y":240,"height":182,"name":"x13","x":357},{"width":358,"y":486,"height":364,"name":"x31","x":342},{"width":354,"y":1,"height":483,"name":"x21","x":1},{"width":339,"y":486,"height":456,"name":"x11","x":1}],"width":1024,"imagePath":"broken4_tex.png","name":"broken4","height":1024}