{"SubTexture":[{"y":476,"frameX":0,"frameHeight":264,"frameY":-2,"width":287,"frameWidth":287,"height":262,"name":"h12","x":703},{"y":1,"frameX":0,"frameHeight":200,"frameY":0,"width":248,"frameWidth":248,"height":195,"name":"h22","x":359},{"width":208,"y":740,"height":241,"name":"h32","x":703},{"y":198,"frameX":0,"frameHeight":179,"frameY":0,"width":215,"frameWidth":219,"height":179,"name":"h13","x":359},{"width":108,"y":740,"height":245,"name":"h23","x":913},{"y":198,"frameX":-8,"frameHeight":209,"frameY":0,"width":145,"frameWidth":153,"height":209,"name":"h33","x":576},{"width":359,"y":476,"height":368,"name":"h31","x":342},{"width":356,"y":1,"height":473,"name":"h21","x":1},{"width":339,"y":476,"height":457,"name":"h11","x":1}],"width":1024,"imagePath":"broken3_tex.png","name":"broken3","height":1024}