{"SubTexture":[{"y":735,"frameX":-5,"frameHeight":200,"frameY":-6,"width":247,"frameWidth":256,"height":194,"name":"组 52","x":702},{"y":1,"frameX":-17,"frameHeight":244,"frameY":-9,"width":201,"frameWidth":225,"height":235,"name":"组 63","x":351},{"y":475,"frameX":-9,"frameHeight":264,"frameY":-6,"width":279,"frameWidth":297,"height":258,"name":"组42","x":702},{"y":238,"frameX":0,"frameHeight":238,"frameY":-6,"width":107,"frameWidth":110,"height":231,"name":"组 53","x":497},{"y":842,"frameX":0,"frameHeight":180,"frameY":0,"width":214,"frameWidth":216,"height":175,"name":"组 43","x":342},{"y":238,"frameX":0,"frameHeight":211,"frameY":0,"width":144,"frameWidth":145,"height":208,"name":"组 62","x":351},{"y":475,"frameX":-2,"frameHeight":481,"frameY":-16,"width":339,"frameWidth":341,"height":458,"name":"组 4","x":1},{"y":475,"frameX":-3,"frameHeight":369,"frameY":0,"width":358,"frameWidth":361,"height":365,"name":"组 6","x":342},{"y":1,"frameX":-5,"frameHeight":478,"frameY":0,"width":348,"frameWidth":353,"height":472,"name":"组 5","x":1}],"width":1024,"imagePath":"broken2_tex.png","name":"broken2","height":1024}