{"frameRate":24,"name":"broken1","version":"5.5","compatibleVersion":"5.5","armature":[{"type":"Armature","frameRate":24,"name":"broken1_armature","bone":[{"name":"root"},{"length":198,"name":"bone","parent":"root","transform":{"x":12.8,"y":-171.031,"skX":-0.28,"skY":-0.28}},{"length":201,"name":"bone1","parent":"root","transform":{"x":9.15,"y":-175.7,"skX":120.5231,"skY":120.5231}},{"length":225,"name":"bone2","parent":"root","transform":{"x":3.65,"y":-173.9,"skX":-166.4219,"skY":-166.4219}},{"name":"组 21","parent":"bone2","transform":{"x":230.1218,"y":3.0018,"skX":154.4208,"skY":154.4208}},{"name":"组 1","parent":"bone","transform":{"x":195.7888,"y":-0.506,"skX":-11.7211,"skY":-11.7211}},{"name":"组 31","parent":"bone1","transform":{"x":202.6928,"y":-2.5441,"skX":-132.5242,"skY":-132.5242}}],"slot":[{"displayIndex":-1,"name":"组 31","parent":"组 31"},{"displayIndex":-1,"name":"组 21","parent":"组 21"},{"displayIndex":-1,"name":"组 1","parent":"组 1"}],"skin":[{"slot":[{"name":"组 1","display":[{"name":"组 1","transform":{"x":-0.43,"y":-0.4,"scX":0.75,"scY":0.75}},{"name":"组 2","transform":{"scX":0.75,"scY":0.75}},{"name":"组 3","transform":{"scX":0.75,"scY":0.75}}]},{"name":"组 21","display":[{"name":"组 21","transform":{"x":2.62,"y":34.42,"scX":0.75,"scY":0.75}},{"name":"组 22","transform":{"scX":0.75,"scY":0.75}},{"name":"组 32","transform":{"skX":-0.06,"skY":-0.06,"scX":0.75,"scY":0.75}}]},{"name":"组 31","display":[{"name":"组 31","transform":{"x":1.62,"y":10.58,"scX":0.75,"scY":0.75}},{"name":"组 23","transform":{"scX":0.75}},{"name":"组 33","transform":{"scX":0.75,"scY":0.75}}]}]}],"animation":[{"duration":21,"playTimes":0,"name":"broken1_animation","bone":[{"name":"组 1","rotateFrame":[{},{"duration":5,"tweenEasing":0},{"duration":6,"tweenEasing":0,"rotate":53},{"duration":9,"tweenEasing":0,"rotate":154},{"duration":0,"rotate":-48.28}]},{"name":"组 31","rotateFrame":[{},{"duration":5,"tweenEasing":0},{"tweenEasing":0,"rotate":-47.48},{"duration":6,"tweenEasing":0,"rotate":60.52},{"duration":8,"tweenEasing":0,"rotate":-47.48},{"duration":0,"rotate":149.52}]},{"name":"组 21","rotateFrame":[{},{"duration":5,"tweenEasing":0},{"tweenEasing":0,"rotate":-107.42},{"duration":5,"tweenEasing":0,"rotate":-106.42},{"duration":9,"tweenEasing":0,"rotate":-168.42},{"duration":0,"rotate":25.58}]},{"name":"bone","translateFrame":[{"duration":2,"tweenEasing":0,"x":42},{"duration":5,"tweenEasing":0,"x":57.5,"y":-132},{"duration":6,"tweenEasing":0,"x":108,"y":116},{"duration":8,"tweenEasing":0,"x":177,"y":240},{"duration":0,"x":238,"y":439}],"rotateFrame":[{},{"duration":5,"tweenEasing":0},{"duration":15,"rotate":29}],"scaleFrame":[{"duration":21,"x":0.7}]},{"name":"bone1","translateFrame":[{},{"duration":5,"tweenEasing":0,"x":-2,"y":45},{"duration":7,"tweenEasing":0,"x":-70,"y":87},{"tweenEasing":0,"x":-116,"y":214},{"duration":7,"tweenEasing":0,"x":-116,"y":268},{"duration":0,"x":-123,"y":662}],"rotateFrame":[{"duration":21},{"duration":0,"rotate":1}],"scaleFrame":[{"duration":21,"x":0.7}]},{"name":"bone2","translateFrame":[{"tweenEasing":0,"x":-14},{"tweenEasing":0,"x":-14,"y":-31},{"duration":10,"tweenEasing":0,"x":-68.17,"y":-112.33},{"tweenEasing":0,"x":-135,"y":3},{"duration":8,"tweenEasing":0,"x":-147,"y":103},{"duration":0,"x":-193,"y":209}],"rotateFrame":[{"duration":6,"tweenEasing":0,"rotate":36},{"duration":6,"tweenEasing":0,"rotate":10},{"duration":9,"rotate":-13.58}],"scaleFrame":[{"duration":21,"x":0.7}]}],"slot":[{"name":"组 31","displayFrame":[{"value":-1},{"duration":6},{"duration":7,"value":1},{"duration":7,"value":2}],"colorFrame":[{"tweenEasing":0,"value":{"aM":0}},{"duration":20}]},{"name":"组 21","displayFrame":[{"value":-1},{"duration":6},{"duration":6,"value":1},{"duration":8,"value":2}],"colorFrame":[{"tweenEasing":0,"value":{"aM":0}},{"duration":20}]},{"name":"组 1","displayFrame":[{"value":-1},{"duration":6},{"duration":6,"value":1},{"duration":8,"value":2}],"colorFrame":[{"tweenEasing":0,"value":{"aM":0}},{"duration":20}]}]}],"defaultActions":[{"gotoAndPlay":"broken1_animation"}]}]}