{
	"slots": [{
		"name": "chuntianyezi01",
		"bone": "bone13",
		"attachment": "chuntian/chuntianyezi01_2"
	}, {
		"name": "chuntianyezi03",
		"bone": "bone14",
		"attachment": "chuntian/chuntianyezi03_2"
	}, {
		"name": "chuntianyezi04",
		"bone": "bone6",
		"attachment": "chuntian/chuntianyezi04_2"
	}, {
		"name": "chuntianyezi08",
		"bone": "bone8",
		"attachment": "chuntian/chuntianyezi08_2"
	}, {
		"name": "chuntianyezi05",
		"bone": "bone12",
		"attachment": "chuntian/chuntianyezi05_2"
	}, {
		"name": "chuntianyezi06",
		"bone": "bone9",
		"attachment": "chuntian/chuntianyezi06_2"
	}, {
		"name": "chuntianyezi07",
		"bone": "bone10",
		"attachment": "chuntian/chuntianyezi07_2"
	}, {
		"name": "chuntianyezi09",
		"bone": "bone5",
		"attachment": "chuntian/chuntianyezi09_2"
	}, {
		"name": "chuntianyezi10",
		"bone": "bone7",
		"attachment": "chuntian/chuntianyezi10_2"
	}, {
		"name": "chuntianyezi11",
		"bone": "bone11",
		"attachment": "chuntian/chuntianyezi11_2"
	}, {
		"name": "chuntianyezi12",
		"bone": "bone15",
		"attachment": "chuntian/chuntianyezi12_2"
	}, {
		"name": "chuntianhua02",
		"bone": "chuntianhua02",
		"attachment": "chuntian/chuntianhua02_1.25"
	}, {
		"name": "chuntianhua03",
		"bone": "chuntianhua03",
		"attachment": "chuntian/chuntianhua03_1.25"
	}, {
		"name": "chuntian/chuntianhua19",
		"bone": "chuntian/chuntianhua19",
		"attachment": "chuntian/chuntianhua19_1.25"
	}, {
		"name": "chuntianhua04",
		"bone": "chuntianhua04",
		"attachment": "chuntian/chuntianhua04_1.25"
	}, {
		"name": "chuntianhua05",
		"bone": "bone1",
		"attachment": "chuntian/chuntianhua05_1.25"
	}, {
		"name": "chuntianhua07",
		"bone": "chuntianhua07",
		"attachment": "chuntian/chuntianhua07_1.25"
	}, {
		"name": "chuntianhua11",
		"bone": "chuntianhua11",
		"attachment": "chuntian/chuntianhua11_1.25"
	}, {
		"name": "chuntianhua12",
		"bone": "chuntianhua12",
		"attachment": "chuntian/chuntianhua12_1.25"
	}, {
		"name": "chuntianhua13",
		"bone": "chuntianhua13",
		"attachment": "chuntian/chuntianhua13_1.25"
	}, {
		"name": "chuntianhua16",
		"bone": "chuntianhua16",
		"attachment": "chuntian/chuntianhua16_1.25"
	}, {
		"name": "chuntianhua19",
		"bone": "chuntianhua19",
		"attachment": "chuntian/chuntianhua10_1.25"
	}, {
		"name": "chuntianhua20",
		"bone": "bone2",
		"attachment": "chuntian/chuntianhua20_1.25"
	}, {
		"name": "chuntianhua01",
		"bone": "chuntianhua01",
		"attachment": "chuntian/chuntianhua01_1.25"
	}, {
		"name": "chuntianhudie01",
		"bone": "bone20",
		"attachment": "chuntian/chuntianhudie01_1.25"
	}, {
		"name": "chuntianhudie03",
		"bone": "bone21",
		"attachment": "chuntian/chuntianhudie03_1.25png"
	}, {
		"name": "chuntianhudie04",
		"bone": "bone19",
		"attachment": "chuntian/chuntianhudie04_1.2"
	}, {
		"name": "chuntianhudie06",
		"bone": "bone18",
		"attachment": "chuntian/chuntianhudie06_1.25"
	}, {
		"name": "7c845f86_00000",
		"bone": "bone16",
		"attachment": "chuntian/7c845f86_00000_4"
	}, {
		"name": "5fe427e7_00001",
		"bone": "bone22",
		"attachment": "5fe427e7_00001_2"
	}, {
		"bone": "bone17",
		"blendMode": "add",
		"name": "xian"
	}, {
		"name": "hua_00011",
		"bone": "bone23",
		"attachment": "00035_2"
	}, {
		"name": "light_00001",
		"bone": "bone24",
		"attachment": "00074_4"
	}, {
		"name": "chuntianhudie041",
		"bone": "bone191",
		"attachment": "chuntian/chuntianhudie04_1.2"
	}, {
		"name": "chuntianhudie031",
		"bone": "bone211",
		"attachment": "chuntian/chuntianhudie03_1.25png"
	}],
	"skins": {
		"default": {
			"chuntianhua04": {
				"chuntian/chuntianhua04_1.25": {
					"y": -0.65,
					"scaleX": 1.25,
					"width": 43,
					"scaleY": 1.25,
					"height": 41,
					"x": -7.9
				}
			},
			"hua_00011": {
				"00014_2": {
					"scaleY": 1.4,
					"height": 188,
					"scaleX": 1.4,
					"width": 188,
					"x": -7.41
				},
				"00035_2": {
					"y": 9.54,
					"scaleX": 1.4,
					"width": 126,
					"scaleY": 1.4,
					"height": 344,
					"x": 120.7
				},
				"00011_2": {
					"y": 2.23,
					"scaleX": 1.4,
					"width": 130,
					"scaleY": 1.4,
					"height": 124,
					"x": -4
				},
				"00023_2": {
					"y": -9.6,
					"scaleX": 1.4,
					"width": 344,
					"scaleY": 1.4,
					"height": 336,
					"x": -16.33
				},
				"00026_2": {
					"y": -1.85,
					"scaleX": 1.4,
					"width": 370,
					"scaleY": 1.4,
					"height": 351,
					"x": -19.11
				},
				"00017_2": {
					"y": -3.7,
					"scaleX": 1.4,
					"width": 232,
					"scaleY": 1.4,
					"height": 250,
					"x": -8.64
				},
				"00032_2": {
					"y": 2.13,
					"scaleX": 1.4,
					"width": 417,
					"scaleY": 1.4,
					"height": 355,
					"x": -22.23
				},
				"00029_2": {
					"y": 2.13,
					"scaleX": 1.4,
					"width": 396,
					"scaleY": 1.4,
					"height": 355,
					"x": -21.92
				},
				"00020_2": {
					"y": -7.41,
					"scaleX": 1.4,
					"width": 295,
					"scaleY": 1.4,
					"height": 288,
					"x": -22.76
				}
			},
			"chuntianyezi04": {
				"chuntian/chuntianyezi04_2": {
					"y": -7.2,
					"scaleX": 2,
					"width": 52,
					"scaleY": 2,
					"height": 41,
					"x": -4.6
				}
			},
			"chuntianhua11": {
				"chuntian/chuntianhua11_1.25": {
					"y": -8.2,
					"scaleX": 1.25,
					"width": 78,
					"scaleY": 1.25,
					"height": 70,
					"x": -1.2
				}
			},
			"chuntianyezi11": {
				"chuntian/chuntianyezi11_2": {
					"y": -14.95,
					"scaleX": 2,
					"width": 26,
					"scaleY": 2,
					"height": 22,
					"rotation": -180,
					"x": -15.55
				}
			},
			"chuntianyezi09": {
				"chuntian/chuntianyezi09_2": {
					"y": 24.4,
					"scaleX": 2,
					"width": 30,
					"scaleY": 2,
					"height": 36,
					"x": -11.4
				}
			},
			"chuntianyezi01": {
				"chuntian/chuntianyezi01_2": {
					"y": -8.85,
					"scaleX": 2,
					"width": 40,
					"scaleY": 2,
					"height": 29,
					"rotation": -180,
					"x": -13.6
				}
			},
			"chuntianhua01": {
				"chuntian/chuntianhua01_1.25": {
					"y": -3.95,
					"scaleX": 1.25,
					"width": 66,
					"scaleY": 1.25,
					"height": 67,
					"x": -0.7
				}
			},
			"chuntian/chuntianhua19": {
				"chuntian/chuntianhua19_1.25": {
					"y": -1.75,
					"scaleX": 1.25,
					"width": 81,
					"scaleY": 1.25,
					"height": 53,
					"x": -17.8
				}
			},
			"7c845f86_00000": {
				"chuntian/7c845f86_00000_4": {
					"y": 2.45,
					"scaleX": 4,
					"width": 115,
					"scaleY": 4,
					"height": 63,
					"x": 3.75
				}
			},
			"chuntianhudie04": {
				"chuntian/chuntianhudie04_1.2": {
					"y": 12.65,
					"scaleX": 1.25,
					"width": 48,
					"scaleY": 1.25,
					"height": 44,
					"x": -12.55
				}
			},
			"chuntianyezi06": {
				"chuntian/chuntianyezi06_2": {
					"y": -14.45,
					"scaleX": 2,
					"width": 44,
					"scaleY": 2,
					"height": 36,
					"x": 1.05
				}
			},
			"chuntianhudie031": {
				"chuntian/chuntianhudie03_1.25png": {
					"y": -0.68,
					"scaleX": 1.25,
					"width": 34,
					"scaleY": 1.25,
					"height": 47,
					"rotation": 9,
					"x": 8.07
				}
			},
			"light_00001": {
				"00024_4": {
					"y": -18.94,
					"scaleX": 2.5,
					"width": 162,
					"scaleY": 2.5,
					"height": 99,
					"x": -3.9
				},
				"00074_4": {
					"y": -18.94,
					"scaleX": 2.5,
					"width": 167,
					"scaleY": 2.5,
					"height": 95,
					"x": -3.9
				},
				"00043_4": {
					"y": -18.94,
					"scaleX": 2.5,
					"width": 166,
					"scaleY": 2.5,
					"height": 99,
					"x": -3.9
				}
			},
			"chuntianhua19": {
				"chuntian/chuntianhua10_1.25": {
					"y": -0.75,
					"scaleX": 1.25,
					"width": 74,
					"scaleY": 1.25,
					"height": 72,
					"x": 0.9
				}
			},
			"chuntianhua13": {
				"chuntian/chuntianhua13_1.25": {
					"y": -2.25,
					"scaleX": 1.25,
					"width": 82,
					"scaleY": 1.25,
					"height": 79,
					"x": -2.55
				}
			},
			"xian": {
				"chuntian/xian_2": {
					"y": -1.15,
					"scaleX": 2,
					"width": 214,
					"scaleY": 2,
					"height": 15,
					"x": -1.3
				}
			},
			"chuntianhudie01": {
				"chuntian/chuntianhudie01_1.25": {
					"y": 3.6,
					"scaleX": 1.25,
					"width": 32,
					"scaleY": 1.25,
					"height": 42,
					"x": -5.75
				}
			},
			"chuntianhua12": {
				"chuntian/chuntianhua12_1.25": {
					"y": -4.65,
					"scaleX": 1.25,
					"width": 62,
					"scaleY": 1.25,
					"height": 69,
					"x": -4.55
				}
			},
			"chuntianhua16": {
				"chuntian/chuntianhua16_1.25": {
					"y": -2.4,
					"scaleX": 1.25,
					"width": 72,
					"scaleY": 1.25,
					"height": 73,
					"x": -2.15
				}
			},
			"chuntianyezi12": {
				"chuntian/chuntianyezi12_2": {
					"y": 3.1,
					"scaleX": 2,
					"width": 40,
					"scaleY": 2,
					"height": 25,
					"rotation": -180,
					"x": -17.2
				}
			},
			"chuntianyezi10": {
				"chuntian/chuntianyezi10_2": {
					"y": -3.15,
					"scaleX": 2,
					"width": 31,
					"scaleY": 2,
					"height": 20,
					"x": -13.4
				}
			},
			"chuntianyezi08": {
				"chuntian/chuntianyezi08_2": {
					"y": 0.55,
					"scaleX": 2,
					"width": 41,
					"scaleY": 2,
					"height": 24,
					"x": -22.85
				}
			},
			"chuntianhua20": {
				"chuntian/chuntianhua20_1.25": {
					"y": 1.8,
					"scaleX": 1.25,
					"width": 63,
					"scaleY": 1.25,
					"height": 47,
					"x": 1.05
				}
			},
			"chuntianyezi03": {
				"chuntian/chuntianyezi03_2": {
					"y": 3.9,
					"scaleX": 2,
					"width": 48,
					"scaleY": 2,
					"height": 35,
					"rotation": -180,
					"x": -18.4
				}
			},
			"chuntianhua05": {
				"chuntian/chuntianhua05_1.25": {
					"y": 2.3,
					"scaleX": 1.25,
					"width": 33,
					"scaleY": 1.25,
					"height": 38,
					"x": 0.1
				}
			},
			"5fe427e7_00001": {
				"5fe427e7_00001_2": {
					"y": 5.72,
					"scaleX": 2,
					"width": 128,
					"scaleY": 2,
					"height": 128,
					"x": -1.73
				}
			},
			"chuntianhua07": {
				"chuntian/chuntianhua07_1.25": {
					"y": -0.85,
					"scaleX": 1.25,
					"width": 30,
					"scaleY": 1.25,
					"height": 29,
					"x": 0.25
				}
			},
			"chuntianyezi07": {
				"chuntian/chuntianyezi07_2": {
					"y": 21.15,
					"scaleX": 2,
					"width": 29,
					"scaleY": 2,
					"height": 29,
					"rotation": -180,
					"x": 15.2
				}
			},
			"chuntianhua02": {
				"chuntian/chuntianhua02_1.25": {
					"y": -3.35,
					"scaleX": 1.25,
					"width": 70,
					"scaleY": 1.25,
					"height": 71,
					"x": 3.5
				}
			},
			"chuntianhudie041": {
				"chuntian/chuntianhudie04_1.2": {
					"y": 14.21,
					"scaleX": 1.25,
					"width": 48,
					"scaleY": 1.25,
					"height": 44,
					"rotation": -14,
					"x": -11.57
				}
			},
			"chuntianhua03": {
				"chuntian/chuntianhua03_1.25": {
					"y": -4.05,
					"scaleX": 1.25,
					"width": 66,
					"scaleY": 1.25,
					"height": 64,
					"x": -0.1
				}
			},
			"chuntianhudie06": {
				"chuntian/chuntianhudie06_1.25": {
					"y": 5.05,
					"scaleX": 1.25,
					"width": 33,
					"scaleY": 1.25,
					"height": 26,
					"x": 4.15
				}
			},
			"chuntianhudie03": {
				"chuntian/chuntianhudie03_1.25png": {
					"y": -0.9,
					"scaleX": 1.25,
					"width": 34,
					"scaleY": 1.25,
					"height": 47,
					"x": 7.7
				}
			},
			"chuntianyezi05": {
				"chuntian/chuntianyezi05_2": {
					"y": -1.9,
					"scaleX": 2,
					"width": 41,
					"scaleY": 2,
					"height": 26,
					"rotation": -180,
					"x": -19.65
				}
			}
		}
	},
	"animations": {
		"newAnimation": {
			"slots": {
				"xian": {
					"color": [{
						"color": "ffffffff",
						"time": 0
					}, {
						"color": "ffffffff",
						"time": 0.6666666666666666
					}],
					"attachment": [{
						"time": 0,
						"name": null
					}, {
						"time": 0.6666666666666666,
						"name": "chuntian/xian_2"
					}]
				},
				"hua_00011": {
					"color": [{
						"color": "ffffffff",
						"time": 0
					}, {
						"color": "ffffffff",
						"time": 1.1249999999999998
					}],
					"attachment": [{
						"time": 0,
						"name": null
					}, {
						"time": 0.5416666666666666,
						"name": "00011_2"
					}, {
						"time": 0.5833333333333333,
						"name": "00014_2"
					}, {
						"time": 0.6249999999999999,
						"name": "00017_2"
					}, {
						"time": 0.6666666666666665,
						"name": "00020_2"
					}, {
						"time": 0.7083333333333331,
						"name": "00023_2"
					}, {
						"time": 0.7916666666666665,
						"name": "00026_2"
					}, {
						"time": 0.8749999999999999,
						"name": "00029_2"
					}, {
						"time": 0.9583333333333333,
						"name": "00032_2"
					}, {
						"time": 1.0416666666666665,
						"name": "00035_2"
					}]
				},
				"5fe427e7_00001": {
					"color": [{
						"color": "ffffffff",
						"time": 0
					}, {
						"color": "ffffffff",
						"time": 1.0416666666666667
					}]
				},
				"light_00001": {
					"color": [{
						"color": "ffffffff",
						"time": 0
					}, {
						"color": "ffffffff",
						"time": 1.8333333333333333
					}],
					"attachment": [{
						"time": 0,
						"name": null
					}, {
						"time": 0.625,
						"name": "00043_4"
					}, {
						"time": 0.75,
						"name": "00024_4"
					}, {
						"time": 0.875,
						"name": "00074_4"
					}, {
						"time": 1,
						"name": "00043_4"
					}, {
						"time": 1.125,
						"name": "00024_4"
					}, {
						"time": 1.25,
						"name": "00074_4"
					}, {
						"time": 1.375,
						"name": "00043_4"
					}, {
						"time": 1.5,
						"name": "00024_4"
					}, {
						"time": 1.625,
						"name": "00074_4"
					}, {
						"time": 1.75,
						"name": "00043_4"
					}]
				}
			},
			"draworder": [{
				"time": 0.5,
				"offsets": [{
					"slot": "xian",
					"offset": -2
				}]
			}],
			"bones": {
				"bone17": {
					"translate": [{
						"time": 0,
						"y": 0,
						"x": 0
					}, {
						"time": 0.6666666666666666,
						"y": 0,
						"x": -8
					}, {
						"time": 0.875,
						"y": 0,
						"x": 18
					}, {
						"time": 1,
						"y": 0,
						"x": -5
					}]
				},
				"bone191": {
					"scale": [{
						"time": 0,
						"y": 1,
						"x": 1
					}, {
						"time": 0.875,
						"y": 1,
						"x": 1
					}, {
						"time": 1.125,
						"y": 0.35,
						"x": 1
					}, {
						"time": 1.375,
						"y": 1,
						"x": 1
					}, {
						"time": 1.625,
						"y": 0.35,
						"x": 1
					}, {
						"time": 1.8333333333333333,
						"y": 1,
						"x": 1
					}],
					"rotate": [{
						"time": 0,
						"angle": 0
					}, {
						"time": 0.875,
						"angle": 0
					}, {
						"time": 1.125,
						"angle": 8
					}, {
						"time": 1.375,
						"angle": 0
					}, {
						"time": 1.625,
						"angle": 8
					}, {
						"time": 1.8333333333333333,
						"angle": 0
					}]
				},
				"bone18": {
					"scale": [{
						"time": 0,
						"y": 0.01,
						"x": 0.01
					}, {
						"time": 0.8333333333333333,
						"y": 0.01,
						"x": 1
					}, {
						"time": 0.8749999999999999,
						"y": 1,
						"x": 1
					}]
				},
				"chuntianhua11": {
					"scale": [{
						"time": 0,
						"y": 0.01,
						"x": 0.01
					}, {
						"time": 0.16666666666666666,
						"y": 0.01,
						"x": 0.01
					}, {
						"time": 0.29166666666666663,
						"y": 1,
						"x": 1
					}]
				},
				"chuntianhua19": {
					"scale": [{
						"time": 0,
						"y": 0.01,
						"x": 0.01
					}, {
						"time": 0.25,
						"y": 0.01,
						"x": 0.01
					}, {
						"time": 0.375,
						"y": 1,
						"x": 1
					}]
				},
				"bone7": {
					"scale": [{
						"time": 0,
						"y": 0.01,
						"x": 0.01
					}, {
						"time": 0.375,
						"y": 0.01,
						"x": 0.01
					}, {
						"time": 0.5,
						"y": 1,
						"x": 1
					}]
				},
				"bone1": {
					"scale": [{
						"time": 0,
						"y": 0.01,
						"x": 0.01
					}, {
						"time": 0.41666666666666663,
						"y": 0.01,
						"x": 0.01
					}, {
						"time": 0.5416666666666666,
						"y": 1,
						"x": 1
					}]
				},
				"bone20": {
					"scale": [{
						"time": 0,
						"y": 0.01,
						"x": 0.01
					}, {
						"time": 0.8333333333333333,
						"y": 0.01,
						"x": 0.01
					}, {
						"time": 0.8749999999999999,
						"y": 1,
						"x": 1
					}]
				},
				"bone22": {
					"scale": [{
						"time": 0,
						"y": 0.01,
						"x": 0.01
					}, {
						"time": 0.4583333333333333,
						"y": 0.01,
						"x": 0.01
					}, {
						"time": 0.625,
						"y": 1,
						"x": 1
					}, {
						"time": 0.7083333333333334,
						"y": 0.9,
						"x": 0.9
					}]
				},
				"chuntianhua01": {
					"scale": [{
						"time": 0,
						"y": 0.01,
						"x": 0.01
					}, {
						"time": 0.5,
						"y": 0.01,
						"x": 0.01
					}, {
						"time": 0.625,
						"y": 1,
						"x": 1
					}]
				},
				"bone14": {
					"scale": [{
						"time": 0,
						"y": 0.01,
						"x": 0.01
					}, {
						"time": 0.75,
						"y": 0.01,
						"x": 0.01
					}, {
						"time": 0.875,
						"y": 1,
						"x": 1
					}]
				},
				"bone21": {
					"rotate": [{
						"time": 0,
						"angle": 0
					}, {
						"time": 0.875,
						"angle": 0
					}, {
						"time": 1.125,
						"angle": 18
					}, {
						"time": 1.375,
						"angle": 0
					}, {
						"time": 1.625,
						"angle": 18
					}, {
						"time": 1.875,
						"angle": 0
					}]
				},
				"bone13": {
					"scale": [{
						"time": 0,
						"y": 0.01,
						"x": 0.01
					}, {
						"time": 0.6666666666666666,
						"y": 0.01,
						"x": 0.01
					}, {
						"time": 0.7916666666666666,
						"y": 1,
						"x": 1
					}]
				},
				"root": {
					"scale": [{
						"time": 0,
						"y": 1,
						"x": 1
					}, {
						"time": 1.7916666666666665,
						"y": 1,
						"x": 1
					}, {
						"time": 1.8333333333333333,
						"y": 0.01,
						"x": 0.01
					}]
				},
				"bone9": {
					"scale": [{
						"time": 0,
						"y": 0.01,
						"x": 0.01
					}, {
						"time": 0.4583333333333333,
						"y": 0.01,
						"x": 0.01
					}, {
						"time": 0.5833333333333333,
						"y": 1,
						"x": 1
					}]
				},
				"chuntianhua13": {
					"scale": [{
						"time": 0,
						"y": 0.01,
						"x": 0.01
					}, {
						"time": 0.041666666666666664,
						"y": 0.01,
						"x": 0.01
					}, {
						"time": 0.16666666666666666,
						"y": 1,
						"x": 1
					}]
				},
				"bone15": {
					"scale": [{
						"time": 0,
						"y": 0.01,
						"x": 0.01
					}, {
						"time": 0.875,
						"y": 0.01,
						"x": 0.01
					}, {
						"time": 1,
						"y": 1,
						"x": 1
					}]
				},
				"bone11": {
					"scale": [{
						"time": 0,
						"y": 0.01,
						"x": 0.01
					}, {
						"time": 0.5833333333333333,
						"y": 0.01,
						"x": 0.01
					}, {
						"time": 0.7083333333333333,
						"y": 1,
						"x": 1
					}]
				},
				"chuntianhua12": {
					"scale": [{
						"time": 0,
						"y": 0.01,
						"x": 0.01
					}, {
						"time": 0.20833333333333331,
						"y": 0.01,
						"x": 0.01
					}, {
						"time": 0.3333333333333333,
						"y": 1,
						"x": 1
					}]
				},
				"bone8": {
					"scale": [{
						"time": 0,
						"y": 0.01,
						"x": 0.01
					}, {
						"time": 0.41666666666666663,
						"y": 0.01,
						"x": 0.01
					}, {
						"time": 0.5416666666666666,
						"y": 1,
						"x": 1
					}]
				},
				"chuntianhua16": {
					"scale": [{
						"time": 0,
						"y": 0.01,
						"x": 0.01
					}, {
						"time": 0.375,
						"y": 0.01,
						"x": 0.01
					}, {
						"time": 0.5,
						"y": 1,
						"x": 1
					}]
				},
				"chuntian/chuntianhua19": {
					"scale": [{
						"time": 0,
						"y": 0.01,
						"x": 0.01
					}, {
						"time": 0.3333333333333333,
						"y": 0.01,
						"x": 0.01
					}, {
						"time": 0.4583333333333333,
						"y": 1,
						"x": 1
					}]
				},
				"bone16": {
					"scale": [{
						"time": 0,
						"y": 0.01,
						"x": 0.01
					}, {
						"time": 0.6666666666666666,
						"y": 0.01,
						"x": 0.01
					}, {
						"time": 0.7083333333333333,
						"y": 1,
						"x": 1
					}],
					"translate": [{
						"time": 0,
						"y": 0,
						"x": 0
					}, {
						"curve": [0.5, 0, 1, 1],
						"time": 0.7083333333333333,
						"y": 0,
						"x": -131
					}, {
						"curve": [0, 0, 0.5, 1],
						"time": 0.8749999999999999,
						"y": 0,
						"x": 13.62
					}, {
						"time": 0.9583333333333333,
						"y": 0,
						"x": 0
					}]
				},
				"bone2": {
					"scale": [{
						"time": 0,
						"y": 0.01,
						"x": 0.01
					}, {
						"time": 0.4583333333333333,
						"y": 0.01,
						"x": 0.01
					}, {
						"time": 0.5833333333333333,
						"y": 1,
						"x": 1
					}],
					"rotate": [{
						"time": 0,
						"angle": 0
					}, {
						"time": 0.5833333333333333,
						"angle": 0
					}, {
						"time": 0.8333333333333333,
						"angle": 9
					}, {
						"time": 1.0833333333333333,
						"angle": 0
					}, {
						"time": 1.3333333333333333,
						"angle": 9
					}]
				},
				"bone211": {
					"scale": [{
						"time": 0,
						"y": 1,
						"x": 1
					}, {
						"time": 0.875,
						"y": 1,
						"x": 1
					}, {
						"time": 1.125,
						"y": 0.45,
						"x": 1
					}, {
						"time": 1.375,
						"y": 1,
						"x": 1
					}, {
						"time": 1.625,
						"y": 0.45,
						"x": 1
					}, {
						"time": 1.875,
						"y": 1,
						"x": 1
					}, {
						"time": 2.125,
						"y": 0.45,
						"x": 1
					}],
					"rotate": [{
						"time": 0,
						"angle": 0
					}, {
						"time": 0.875,
						"angle": 0
					}, {
						"time": 1.125,
						"angle": -23
					}, {
						"time": 1.375,
						"angle": 0
					}, {
						"time": 1.625,
						"angle": -23
					}, {
						"time": 1.875,
						"angle": 0
					}, {
						"time": 2.125,
						"angle": -23
					}]
				},
				"bone19": {
					"rotate": [{
						"time": 0,
						"angle": 0
					}, {
						"time": 0.875,
						"angle": 0
					}, {
						"time": 1.0833333333333333,
						"angle": 9
					}, {
						"time": 1.2916666666666665,
						"angle": 0
					}, {
						"time": 1.4999999999999998,
						"angle": 9
					}, {
						"time": 1.708333333333333,
						"angle": 0
					}, {
						"time": 1.9166666666666663,
						"angle": 9
					}]
				},
				"bone12": {
					"scale": [{
						"time": 0,
						"y": 0.01,
						"x": 0.01
					}, {
						"time": 0.625,
						"y": 0.01,
						"x": 0.01
					}, {
						"time": 0.75,
						"y": 1,
						"x": 1
					}]
				},
				"bone5": {
					"scale": [{
						"time": 0,
						"y": 0.01,
						"x": 0.01
					}, {
						"time": 0.29166666666666663,
						"y": 0.01,
						"x": 0.01
					}, {
						"time": 0.41666666666666663,
						"y": 1,
						"x": 1
					}]
				},
				"chuntianhua02": {
					"scale": [{
						"time": 0,
						"y": 0.01,
						"x": 0.01
					}, {
						"time": 0.29166666666666663,
						"y": 0.01,
						"x": 0.01
					}, {
						"time": 0.41666666666666663,
						"y": 1,
						"x": 1
					}],
					"rotate": [{
						"time": 0,
						"angle": 0
					}, {
						"time": 0.41666666666666663,
						"angle": 0
					}, {
						"time": 0.625,
						"angle": -9
					}, {
						"time": 0.8333333333333333,
						"angle": 0
					}, {
						"time": 1.0416666666666665,
						"angle": -9
					}, {
						"time": 1.2499999999999998,
						"angle": 0
					}, {
						"time": 1.333333333333333,
						"angle": -9
					}, {
						"time": 1.5416666666666663,
						"angle": 0
					}]
				},
				"bone10": {
					"scale": [{
						"time": 0,
						"y": 0.01,
						"x": 0.01
					}, {
						"time": 0.5416666666666666,
						"y": 0.01,
						"x": 0.01
					}, {
						"time": 0.6666666666666666,
						"y": 1,
						"x": 1
					}]
				},
				"chuntianhua04": {
					"scale": [{
						"time": 0,
						"y": 0.01,
						"x": 0.01
					}, {
						"time": 0.125,
						"y": 1,
						"x": 1
					}]
				},
				"chuntianhua03": {
					"scale": [{
						"time": 0,
						"y": 0.01,
						"x": 0.01
					}, {
						"time": 0.125,
						"y": 0.01,
						"x": 0.01
					}, {
						"time": 0.25,
						"y": 1,
						"x": 1
					}],
					"rotate": [{
						"time": 0,
						"angle": 0
					}, {
						"time": 0.3333333333333333,
						"angle": 0
					}, {
						"time": 0.5416666666666666,
						"angle": 8
					}, {
						"time": 0.75,
						"angle": 0
					}, {
						"time": 0.9583333333333333,
						"angle": 8
					}, {
						"time": 1.1666666666666665,
						"angle": 0
					}]
				},
				"bone6": {
					"scale": [{
						"time": 0,
						"y": 0.01,
						"x": 0.01
					}, {
						"time": 0.3333333333333333,
						"y": 0.01,
						"x": 0.01
					}, {
						"time": 0.4583333333333333,
						"y": 1,
						"x": 1
					}]
				},
				"chuntianhua07": {
					"scale": [{
						"time": 0,
						"y": 0.01,
						"x": 0.01
					}, {
						"time": 0.08333333333333333,
						"y": 0.01,
						"x": 0.01
					}, {
						"time": 0.20833333333333331,
						"y": 1,
						"x": 1
					}]
				}
			}
		}
	},
	"bones": [{
		"name": "root"
	}, {
		"parent": "root",
		"name": "bone3"
	}, {
		"parent": "root",
		"name": "bone24"
	}, {
		"name": "bone4",
		"y": 7.35,
		"parent": "bone3",
		"x": 1.4
	}, {
		"name": "bone16",
		"y": -4.4,
		"parent": "bone3",
		"x": 2.05
	}, {
		"name": "bone22",
		"y": 6.85,
		"parent": "bone3",
		"x": 2.7
	}, {
		"name": "bone",
		"y": 14,
		"parent": "bone3",
		"x": 1
	}, {
		"parent": "bone3",
		"name": "bone23"
	}, {
		"name": "chuntianhua02",
		"y": -105.6,
		"parent": "bone",
		"x": 112.8
	}, {
		"name": "chuntianhua13",
		"y": -12.7,
		"parent": "bone",
		"x": -142.15
	}, {
		"name": "chuntianhua11",
		"y": -96.75,
		"parent": "bone",
		"x": -73
	}, {
		"name": "chuntianhua07",
		"y": -58.6,
		"parent": "bone",
		"x": -176.45
	}, {
		"name": "chuntianhua16",
		"y": -21.55,
		"parent": "bone",
		"x": 119.45
	}, {
		"name": "bone1",
		"y": 23.25,
		"parent": "bone",
		"x": 106.7
	}, {
		"name": "chuntianhua03",
		"y": -82.4,
		"parent": "bone",
		"x": -131.1
	}, {
		"name": "chuntianhua12",
		"y": -71.3,
		"parent": "bone",
		"x": -1.65
	}, {
		"name": "chuntianhua19",
		"y": -85.7,
		"parent": "bone",
		"x": 45.9
	}, {
		"name": "bone10",
		"y": -96.65,
		"rotation": -180,
		"parent": "bone4",
		"x": -101.9
	}, {
		"name": "bone5",
		"y": 19.3,
		"parent": "bone4",
		"x": -99.2
	}, {
		"name": "bone12",
		"y": -104.2,
		"rotation": -180,
		"parent": "bone4",
		"x": 130.75
	}, {
		"name": "bone13",
		"y": -63.15,
		"rotation": -180,
		"parent": "bone4",
		"x": 117.8
	}, {
		"name": "bone14",
		"y": -32.4,
		"rotation": -180,
		"parent": "bone4",
		"x": 127
	}, {
		"name": "bone15",
		"y": 37.8,
		"rotation": -180,
		"parent": "bone4",
		"x": 96.2
	}, {
		"name": "chuntian/chuntianhua19",
		"y": -59.7,
		"parent": "bone",
		"x": 110.6
	}, {
		"name": "bone17",
		"y": -4.4,
		"parent": "bone16",
		"x": 2.05
	}, {
		"name": "bone2",
		"y": 44.25,
		"parent": "bone",
		"x": 80.75
	}, {
		"y": 41.5,
		"parent": "bone",
		"name": "chuntianhua01"
	}, {
		"name": "bone6",
		"y": 32.4,
		"parent": "bone4",
		"x": -110
	}, {
		"name": "bone8",
		"y": -58.85,
		"parent": "bone4",
		"x": -160.75
	}, {
		"name": "bone7",
		"y": -22.65,
		"parent": "bone4",
		"x": -153.7
	}, {
		"name": "chuntianhua04",
		"y": 43.7,
		"parent": "bone",
		"x": -91.8
	}, {
		"name": "bone11",
		"y": -119.85,
		"rotation": -180,
		"parent": "bone4",
		"x": 118.35
	}, {
		"name": "bone9",
		"y": -52.35,
		"parent": "bone4",
		"x": -152.65
	}, {
		"name": "bone20",
		"y": 10.2,
		"parent": "bone2",
		"x": 43.3
	}, {
		"name": "bone18",
		"y": -1.1,
		"parent": "chuntianhua03",
		"x": -8.25
	}, {
		"name": "bone19",
		"y": 2.9,
		"parent": "bone18",
		"x": -1.8
	}, {
		"name": "bone21",
		"y": 2.5,
		"parent": "bone20",
		"x": 5.05
	}, {
		"name": "bone191",
		"y": 3.2423,
		"parent": "bone18",
		"x": -2.5769
	}, {
		"name": "bone211",
		"y": 2.7836,
		"parent": "bone20",
		"x": 5.7287
	}],
	"skeleton": {
		"spine": "3.5.0",
		"images": "",
		"hash": "8c5b63b0a30c06bdbcf14055ac0e90ec"
	}
}