{"skeleton":{"spine":"3.5.0","images":"","hash":"04e2d8653b42334ef6e826f82a68ab17"},"animations":{"newAnimation":{"bones":{"txt_dui1":{"scale":[{"time":0,"y":0.01,"x":0.01},{"time":0.125,"y":1.1,"curve":[0.5,0,1,1],"x":1.1},{"time":0.25,"y":1,"x":1}],"translate":[{"time":0,"y":0,"x":125},{"time":0.125,"y":0,"curve":[0.5,0,1,1],"x":0},{"time":0.25,"y":0,"curve":[0.5,0,1,1],"x":28},{"time":0.375,"y":0,"x":0}]},"bone2":{"scale":[{"time":0,"y":1,"x":1},{"time":1,"y":1,"x":1},{"time":1.0416666666666667,"y":0.01,"x":0.01}]},"bone1":{"scale":[{"time":0,"y":0.01,"x":0.01},{"time":0.125,"y":1.1,"curve":[0.5,0,1,1],"x":1.1},{"time":0.25,"y":1,"x":1}],"translate":[{"time":0,"y":1,"x":-143},{"time":0.125,"y":1,"curve":[0.5,0,1,1],"x":0},{"time":0.25,"y":1,"curve":[0.5,0,1,1],"x":-36},{"time":0.375,"y":1,"x":-2}]}}}},"bones":[{"name":"root"},{"parent":"root","name":"bone2"},{"name":"txt_dui1","parent":"bone2","x":23},{"name":"bone1","y":-1,"parent":"bone2","x":-14}],"slots":[{"name":"txt_lian1","attachment":"0/txt_lian1","bone":"bone1"},{"name":"txt_dui1","attachment":"0/txt_dui1","bone":"txt_dui1"}],"skins":{"default":{"txt_dui1":{"0/txt_dui1":{"height":50,"y":2,"width":43,"x":1.5}},"txt_lian1":{"0/txt_lian1":{"height":50,"y":3,"width":43,"x":-5.5}}}}}