{"bones":[{"name":"root"},{"name":"bone2","y":100,"parent":"root","x":-134.75}],"animations":{"newAnimation":{"bones":{"bone2":{"scale":[{"time":0,"y":0.01,"x":0.01},{"time":0.4583333333333333,"y":0.01,"x":0.01},{"time":0.5,"y":1,"x":1}],"translate":[{"time":0,"y":0,"x":0},{"time":0.5,"y":0,"curve":[0,0,0.5,1],"x":0},{"time":0.875,"y":0,"x":222}]}},"slots":{"txt_feiji_z":{"color":[{"color":"ffffffff","time":0},{"color":"ffffffff","time":0.9583333333333333}]}}}},"skeleton":{"spine":"3.5.0","images":"","hash":"2db0c0e30afe662def0376a775009ff6"},"slots":[{"bone":"bone2","attachment":"txt_feiji_h","name":"txt_feiji_z"}],"skins":{"default":{"txt_feiji_z":{"txt_feiji_h":{"height":79,"y":-29.49,"width":230}}}}}