{"slots":[{"bone":"bone2","attachment":"txt_feiji_w","name":"txt_feiji_z"}],"skins":{"default":{"txt_feiji_z":{"txt_feiji_w":{"height":84,"y":-29.49,"width":274}}}},"animations":{"newAnimation":{"bones":{"bone2":{"scale":[{"time":0,"y":0.01,"x":0.01},{"time":0.4583333333333333,"y":0.01,"x":0.01},{"time":0.5,"y":1,"x":1}],"translate":[{"time":0,"y":0,"x":0},{"time":0.5,"y":0,"x":0,"curve":[0,0,0.5,1]},{"time":0.875,"y":0,"x":222}]}},"slots":{"txt_feiji_z":{"color":[{"color":"ffffffff","time":0},{"color":"ffffffff","time":0.9583333333333333}]}}}},"bones":[{"name":"root"},{"name":"bone2","y":100,"parent":"root","x":-134.75}],"skeleton":{"hash":"f22b5147208223baf77c7e0accc05161","images":"","spine":"3.5.0"}}