{"frameRate":24,"name":"speed_down","version":"5.5","compatibleVersion":"5.5","armature":[{"type":"Armature","frameRate":24,"name":"speed_down_armature","aabb":{"x":-229,"y":-280.25,"width":458,"height":458},"bone":[{"name":"root"},{"length":70,"name":"bone","parent":"root","transform":{"y":-50,"skX":-90,"skY":-90}},{"length":53,"name":"bone1","parent":"root","transform":{"y":-50}}],"slot":[{"name":"组_75","parent":"root"},{"name":"椭圆_8_拷贝_2","parent":"root"},{"name":"圆角矩形_8","parent":"bone"},{"name":"圆角矩形_8_拷贝","parent":"bone1"},{"name":"椭圆 1","parent":"root"}],"skin":[{"slot":[{"name":"椭圆 1","display":[{"name":"椭圆 1","transform":{"x":3,"y":-51}}]},{"name":"圆角矩形_8_拷贝","display":[{"name":"飞刀2(2)/圆角矩形_8_拷贝","transform":{"x":36,"y":-0.5}}]},{"name":"椭圆_8_拷贝_2","display":[{"name":"飞刀2(2)/椭圆_8_拷贝_2","transform":{"x":1,"y":-51}}]},{"name":"组_75","display":[{"name":"组 75","transform":{"y":-51.25}}]},{"name":"圆角矩形_8","display":[{"name":"飞刀2(2)/圆角矩形_8","transform":{"x":43,"y":1,"skX":90,"skY":90}}]}]}],"animation":[{"duration":26,"playTimes":0,"name":"speed_down_animation","bone":[{"name":"bone","rotateFrame":[{"duration":7,"tweenEasing":0},{"duration":6,"tweenEasing":0,"rotate":88},{"duration":6,"tweenEasing":0,"rotate":180},{"duration":6,"tweenEasing":0,"rotate":-90},{}]},{"name":"bone1","rotateFrame":[{"duration":24},{"tweenEasing":0},{"rotate":12}]}],"slot":[{"name":"椭圆 1","colorFrame":[{"tweenEasing":0,"value":{"aM":0}},{"duration":3,"tweenEasing":0,"value":{"aM":40}},{"duration":3,"tweenEasing":0,"value":{"aM":0}},{"duration":3,"tweenEasing":0,"value":{"aM":40}},{"duration":3,"tweenEasing":0,"value":{"aM":0}},{"duration":3,"tweenEasing":0,"value":{"aM":40}},{"duration":3,"tweenEasing":0,"value":{"aM":0}},{"duration":3,"tweenEasing":0,"value":{"aM":40}},{"duration":3,"tweenEasing":0,"value":{"aM":0}},{"tweenEasing":0,"value":{"aM":40}},{"duration":0,"value":{"aM":0}}]}]}],"defaultActions":[{"gotoAndPlay":"speed_down_animation"}]}]}