{
	"type_name":"CCNode",
	"pos":{
		"x":"50%",
		"y":"50%"
	},
	"size":{
		"height":"100$",
		"width":"100$"
	},
	"scale":{
		"x":"1w",
		"y":"1w"
	},
	"child_list":[
		{
			"type_name":"CCSkeletonAnimation",
			"name":"animation1",
			"pos":{
				"x":"50%",
				"y":"50%"
			},
			"anchor":{
				"x":0,
				"y":0
			},
			"animation_data":{
				"action":"newAnimation",
				"jsonPath":"gui/Animation/spine/poker_type_ani/effect/spine_feijguangxiao/spine_feijiguangxiao_tex.json"
			},
			"isPlay":true
		},
		{
			"type_name":"CCSkeletonAnimation",
			"name":"animation2",
			"pos":{
				"x":"50%",
				"y":"50%"
			},
			"anchor":{
				"x":0,
				"y":0
			},
			"animation_data":{
				"action":"newAnimation",
				"jsonPath":"gui/Animation/spine/poker_type_ani/wenzi/spine_feiji/spine_feiji_tex.json"
			},
			"isPlay":true
		}
	]
}