{"SubTexture":[{"width":340,"y":551,"height":118,"name":"组 64 拷贝","x":343},{"width":340,"y":551,"height":130,"name":"组 65 拷贝","x":1},{"width":234,"y":587,"height":34,"name":"椭圆 1 拷贝","x":685},{"width":234,"y":659,"height":34,"name":"椭圆 1 拷贝1","x":685},{"width":234,"y":551,"height":34,"name":"椭圆 1","x":685},{"width":234,"y":623,"height":34,"name":"椭圆 11","x":685},{"y":1,"frameX":-56,"frameHeight":650,"frameY":-51,"width":547,"frameWidth":650,"height":548,"name":"0c26b83139823cf5cc78262348f837c3","x":1}],"width":1024,"imagePath":"ready_go_tex.png","name":"ready_go","height":1024}