{"frameRate":24,"name":"ready_go","version":"5.5","compatibleVersion":"5.5","armature":[{"type":"Armature","frameRate":24,"name":"ready_go_armature","aabb":{"x":-329.43,"y":-343.14,"width":650,"height":650},"bone":[{"name":"root"},{"name":"图层_1","parent":"root","transform":{"x":-0.95,"y":-29.75}},{"name":"组_66_拷贝_5","parent":"root","transform":{"x":-178.7308,"y":-29.7885}},{"name":"组_66_拷贝_4","parent":"root","transform":{"x":161.0039,"y":-14.8962}},{"name":"bone","parent":"root","transform":{"x":-1.15,"y":-23.3}}],"slot":[{"name":"图层_1","parent":"图层_1"},{"displayIndex":1,"name":"组_66_拷贝_4","parent":"组_66_拷贝_4"},{"displayIndex":1,"name":"组_66_拷贝_5","parent":"组_66_拷贝_5"},{"name":"0c26b83139823cf5cc78262348f837c3","parent":"bone"}],"skin":[{"slot":[{"name":"0c26b83139823cf5cc78262348f837c3","display":[{"name":"0c26b83139823cf5cc78262348f837c3","transform":{"x":-3.28,"y":5.16,"scX":0.5,"scY":0.2}}]},{"name":"组_66_拷贝_4","display":[{"name":"椭圆 1 拷贝","transform":{"y":0.93}},{"name":"椭圆 1 拷贝1"}]},{"name":"图层_1","display":[{"name":"组 65 拷贝","transform":{"x":2.95,"y":-1.25}},{"name":"组 64 拷贝","transform":{"x":20.95,"y":3.25}}]},{"name":"组_66_拷贝_5","display":[{"name":"椭圆 1"},{"name":"椭圆 11"}]}]}],"animation":[{"duration":34,"playTimes":0,"name":"ready_go_animation","bone":[{"name":"图层_1","scaleFrame":[{"duration":3},{"duration":4,"tweenEasing":0,"x":0.01,"y":0.01},{"duration":6,"tweenEasing":0,"x":1.1,"y":1.1},{"tweenEasing":0},{"duration":4,"tweenEasing":0,"x":0.01,"y":0.01},{"duration":6,"tweenEasing":0,"x":1.3,"y":1.3},{"duration":9,"tweenEasing":0},{"tweenEasing":0},{"duration":0,"x":0.01,"y":0.01}]},{"name":"组_66_拷贝_5","translateFrame":[{"duration":5,"tweenEasing":0,"x":-195},{"tweenEasing":0,"x":152},{"duration":5,"tweenEasing":0,"x":155},{"tweenEasing":0,"x":191},{"duration":5,"tweenEasing":0,"x":-195},{"tweenEasing":0,"x":152},{"duration":5,"tweenEasing":0,"x":155},{"duration":11,"x":191}],"scaleFrame":[{"duration":5,"tweenEasing":0,"x":0.01},{"duration":6,"tweenEasing":0},{"tweenEasing":0,"x":1.5},{"duration":5,"tweenEasing":0,"x":0.01},{"duration":6,"tweenEasing":0},{"duration":11,"x":1.5}]},{"name":"组_66_拷贝_4","translateFrame":[{"duration":4,"tweenEasing":0,"x":217},{"tweenEasing":0,"x":-41},{"duration":6,"tweenEasing":0,"x":-144},{"tweenEasing":0,"x":-177},{"duration":4,"tweenEasing":0,"x":217},{"tweenEasing":0,"x":-41},{"duration":6,"tweenEasing":0,"x":-144},{"duration":11,"x":-177}],"scaleFrame":[{"duration":5,"tweenEasing":0,"x":0.01},{"duration":6,"tweenEasing":0},{"tweenEasing":0,"x":1.5},{"duration":5,"tweenEasing":0,"x":0.01},{"duration":6,"tweenEasing":0},{"duration":11,"x":1.5}]},{"name":"bone","scaleFrame":[{"duration":8,"tweenEasing":0,"x":0.01,"y":0.01},{"duration":26}]}],"slot":[{"name":"图层_1","displayFrame":[{"duration":3,"value":-1},{"duration":11,"value":1},{"duration":20}]},{"name":"组_66_拷贝_4","displayFrame":[{"duration":34}],"colorFrame":[{"duration":24},{"duration":5,"tweenEasing":0},{"duration":5,"value":{"aM":0}}]},{"name":"组_66_拷贝_5","displayFrame":[{"duration":12},{"duration":22,"value":1}],"colorFrame":[{"duration":24},{"duration":5,"tweenEasing":0},{"duration":5,"value":{"aM":0}}]}],"zOrder":{"frame":[{"duration":8},{"duration":26,"zOrder":[3,-3]}]}}],"defaultActions":[{"gotoAndPlay":"ready_go_animation"}]}]}