{"frames":{"bg_jpg":{"x":1,"y":1,"w":722,"h":1282,"offX":0,"offY":0,"sourceW":720,"sourceH":1280},"help_png":{"x":725,"y":1,"w":621,"h":1074,"offX":0,"offY":0,"sourceW":619,"sourceH":1072},"ball4_png":{"x":1348,"y":1,"w":358,"h":360,"offX":0,"offY":0,"sourceW":356,"sourceH":358},"ball3_png":{"x":1348,"y":363,"w":357,"h":356,"offX":0,"offY":0,"sourceW":355,"sourceH":354},"ball2_png":{"x":1348,"y":721,"w":357,"h":355,"offX":0,"offY":0,"sourceW":355,"sourceH":353},"ball1_png":{"x":725,"y":1077,"w":357,"h":355,"offX":0,"offY":0,"sourceW":355,"sourceH":353},"word1_png":{"x":1084,"y":1078,"w":436,"h":76,"offX":0,"offY":0,"sourceW":434,"sourceH":74},"word2_png":{"x":1522,"y":1078,"w":352,"h":79,"offX":0,"offY":0,"sourceW":350,"sourceH":77},"word4_png":{"x":1084,"y":1156,"w":357,"h":76,"offX":0,"offY":0,"sourceW":355,"sourceH":74},"word5_png":{"x":1708,"y":1,"w":300,"h":80,"offX":0,"offY":0,"sourceW":298,"sourceH":78},"word3_png":{"x":1708,"y":83,"w":282,"h":81,"offX":0,"offY":0,"sourceW":280,"sourceH":79},"title_bg1_png":{"x":1708,"y":166,"w":304,"h":71,"offX":0,"offY":0,"sourceW":302,"sourceH":69},"title_bg2_png":{"x":1708,"y":239,"w":289,"h":71,"offX":0,"offY":0,"sourceW":287,"sourceH":69},"default_icon_png":{"x":1708,"y":312,"w":130,"h":130,"offX":0,"offY":0,"sourceW":128,"sourceH":128},"pk_bg_png":{"x":1840,"y":312,"w":127,"h":118,"offX":0,"offY":0,"sourceW":125,"sourceH":116},"knifeicon3_png":{"x":1969,"y":312,"w":64,"h":196,"offX":0,"offY":0,"sourceW":62,"sourceH":194},"knifeicon2_png":{"x":1840,"y":432,"w":64,"h":196,"offX":0,"offY":0,"sourceW":62,"sourceH":194},"knifeicon1_png":{"x":1707,"y":444,"w":64,"h":196,"offX":0,"offY":0,"sourceW":62,"sourceH":194},"frame1_png":{"x":1906,"y":510,"w":98,"h":99,"offX":0,"offY":0,"sourceW":96,"sourceH":97},"title_bg_png":{"x":1773,"y":630,"w":154,"h":39,"offX":0,"offY":0,"sourceW":152,"sourceH":37},"prop2_png":{"x":1929,"y":611,"w":100,"h":58,"offX":0,"offY":0,"sourceW":98,"sourceH":56},"knifeicon12_png":{"x":1773,"y":444,"w":58,"h":99,"offX":0,"offY":0,"sourceW":56,"sourceH":97},"knifeicon11_png":{"x":1707,"y":642,"w":58,"h":99,"offX":0,"offY":0,"sourceW":56,"sourceH":97},"prop_png":{"x":1906,"y":432,"w":58,"h":58,"offX":0,"offY":0,"sourceW":56,"sourceH":56},"frame2_png":{"x":2010,"y":1,"w":35,"h":32,"offX":0,"offY":0,"sourceW":33,"sourceH":30},"selected_png":{"x":2010,"y":35,"w":18,"h":18,"offX":0,"offY":0,"sourceW":16,"sourceH":16},"button_down_png":{"x":2010,"y":55,"w":18,"h":18,"offX":0,"offY":0,"sourceW":16,"sourceH":16},"button_up_png":{"x":2010,"y":75,"w":18,"h":18,"offX":0,"offY":0,"sourceW":16,"sourceH":16},"roundthumb_png":{"x":2030,"y":35,"w":8,"h":8,"offX":0,"offY":0,"sourceW":6,"sourceH":6}},"file":"preload-0sheet_27ff322a.png"}