{"slots":[{"bone":"bone1","attachment":"0/txt_dui","name":"txt_lian1"},{"bone":"txt_dui1","attachment":"0/txt_lian","name":"txt_dui1"}],"skins":{"default":{"txt_dui1":{"0/txt_lian":{"height":55,"width":75,"x":19.77}},"txt_lian1":{"0/txt_dui":{"height":52,"width":72,"x":-26.91}}}},"animations":{"newAnimation":{"bones":{"bone1":{"scale":[{"time":0,"y":0.01,"x":0.01},{"time":0.125,"y":1.1,"x":1.1,"curve":[0.5,0,1,1]},{"time":0.25,"y":1,"x":1}],"translate":[{"time":0,"y":1,"x":-143},{"time":0.125,"y":1,"x":0,"curve":[0.5,0,1,1]},{"time":0.25,"y":1,"x":-36,"curve":[0.5,0,1,1]},{"time":0.375,"y":1,"x":-2}]},"txt_dui1":{"scale":[{"time":0,"y":0.01,"x":0.01},{"time":0.125,"y":1.1,"x":1.1,"curve":[0.5,0,1,1]},{"time":0.25,"y":1,"x":1}],"translate":[{"time":0,"y":0,"x":125},{"time":0.125,"y":0,"x":0,"curve":[0.5,0,1,1]},{"time":0.25,"y":0,"x":28,"curve":[0.5,0,1,1]},{"time":0.375,"y":0,"x":0}]},"bone2":{"scale":[{"time":0,"y":1,"x":1},{"time":1,"y":1,"x":1},{"time":1.0416666666666667,"y":0.01,"x":0.01}]}}}},"bones":[{"name":"root"},{"parent":"root","name":"bone2"},{"name":"txt_dui1","parent":"bone2","x":23},{"name":"bone1","y":-1,"parent":"bone2","x":-14}],"skeleton":{"hash":"d7315cf1314f7268af3e1cf1d0c3aabb","images":"","spine":"3.5.0"}}