{"frameRate":24,"name":"boss_change","version":"5.5","compatibleVersion":"5.5","armature":[{"type":"Armature","frameRate":24,"name":"boss_change_armature","aabb":{"x":-360,"y":-373,"width":720,"height":951},"bone":[{"name":"root"},{"name":"组_66_拷贝","parent":"root","transform":{"x":-1.55,"y":-71.9}},{"name":"bone","parent":"root","transform":{"x":-1.55,"y":70.3}},{"name":"bone1","parent":"bone","transform":{"y":0.02}}],"slot":[{"name":"组_66_拷贝","parent":"组_66_拷贝"},{"name":"图层_1","parent":"root"},{"name":"图层_2","parent":"bone1"},{"name":"组_65_拷贝","parent":"bone"}],"skin":[{"slot":[{"name":"组_66_拷贝","display":[{"name":"飞刀2(1)/组_66_拷贝","transform":{"x":0.55,"y":-4.6}}]},{"name":"图层_2","display":[{"name":"飞刀2(1)/图层_2","transform":{"x":5.55,"y":-0.82}}]},{"name":"图层_1","display":[{"name":"飞刀2(1)/图层_1","transform":{"y":102.5}}]},{"name":"组_65_拷贝","display":[{"name":"飞刀2(1)/组_65_拷贝","transform":{"x":5.05,"y":-43.8}}]}]}],"animation":[{"duration":29,"playTimes":0,"name":"boss_change_animation","bone":[{"name":"bone","scaleFrame":[{"duration":6,"tweenEasing":0,"x":0.01,"y":0.01},{"duration":5,"tweenEasing":0,"x":1.3,"y":1.3},{"duration":17,"tweenEasing":0},{"tweenEasing":0},{"duration":0,"x":0.01,"y":0.01}]},{"name":"组_66_拷贝","scaleFrame":[{"duration":10},{"tweenEasing":0,"x":0.01,"y":0.01},{"duration":18}]}],"slot":[{"name":"组_66_拷贝","colorFrame":[{"duration":11},{"tweenEasing":0,"value":{"aM":65}},{"duration":16,"tweenEasing":0},{"tweenEasing":0},{"duration":0,"value":{"aM":0}}]},{"name":"图层_1","displayFrame":[{"value":-1},{"duration":3},{"duration":7,"value":-1},{"duration":3},{"duration":7,"value":-1},{"duration":3},{"duration":5,"value":-1}]},{"name":"图层_2","colorFrame":[{"duration":10,"tweenEasing":0,"value":{"aM":0}},{"tweenEasing":0},{"duration":16,"tweenEasing":0,"value":{"aM":79}},{"tweenEasing":0,"value":{"aM":79}},{"tweenEasing":0,"value":{"aM":50}},{"duration":0,"value":{"aM":0}}]}]}],"defaultActions":[{"gotoAndPlay":"boss_change_animation"}]}]}