{"frameRate":24,"name":"prop","version":"5.5","compatibleVersion":"5.5","armature":[{"type":"Armature","frameRate":24,"name":"prop_armature","aabb":{"x":-49,"y":-28,"width":97,"height":56.7},"bone":[{"name":"root"},{"name":"图层_2","parent":"root","transform":{"x":21,"y":-2}},{"name":"图层_3","parent":"root","transform":{"x":10.65,"y":8.95}},{"name":"图层_4","parent":"root","transform":{"x":1.4,"y":-10.35}},{"name":"图层_5","parent":"root","transform":{"x":-23.95,"y":-7.2}},{"name":"图层_41","parent":"root","transform":{"x":-13.25,"y":5.45}}],"slot":[{"name":"图层_6","parent":"图层_41"},{"name":"图层_5","parent":"图层_5"},{"name":"图层_4","parent":"图层_4"},{"name":"图层_3","parent":"图层_3"},{"name":"图层_2","parent":"图层_2"}],"skin":[{"slot":[{"name":"图层_2","display":[{"name":"fk-light2/图层_2","transform":{"x":9,"y":1}}]},{"name":"图层_6","display":[{"name":"图层 6","transform":{"x":1.99,"y":4.75}}]},{"name":"图层_5","display":[{"name":"fk-light2/图层_5","transform":{"x":-8.05,"y":-0.3}}]},{"name":"图层_4","display":[{"name":"fk-light2/图层_4","transform":{"x":-0.9,"y":2.35}}]},{"name":"图层_3","display":[{"name":"fk-light2/图层_3","transform":{"x":-3.15,"y":1.05}}]}]}],"animation":[{"duration":16,"playTimes":0,"name":"prop_animation","bone":[{"name":"图层_2","translateFrame":[{"duration":12,"tweenEasing":0},{"duration":4,"x":64.58,"y":-16.79}],"rotateFrame":[{"duration":12,"tweenEasing":0},{"duration":4,"rotate":94}]},{"name":"图层_3","translateFrame":[{"duration":13,"tweenEasing":0},{"duration":3,"x":15.14,"y":15.25}],"rotateFrame":[{"duration":13,"tweenEasing":0},{"duration":3,"rotate":180}]},{"name":"图层_4","translateFrame":[{"duration":12,"tweenEasing":0},{"duration":4,"x":-1.26,"y":-15.59}],"rotateFrame":[{"duration":12,"tweenEasing":0},{"duration":4,"rotate":98}]},{"name":"图层_5","translateFrame":[{"duration":12,"tweenEasing":0},{"duration":4,"x":-44.09,"y":-6.72}],"rotateFrame":[{"duration":12,"tweenEasing":0},{"duration":4,"rotate":180}]},{"name":"图层_41","translateFrame":[{"duration":12,"tweenEasing":0},{"duration":4,"y":30.4}],"rotateFrame":[{"duration":16,"tweenEasing":0},{"duration":0,"rotate":-67}]}],"slot":[{"name":"图层_6","colorFrame":[{"duration":10},{"duration":6,"tweenEasing":0},{"duration":0,"value":{"aM":0}}]},{"name":"图层_5","colorFrame":[{"duration":10},{"duration":6,"tweenEasing":0},{"duration":0,"value":{"aM":0}}]},{"name":"图层_4","colorFrame":[{"duration":10},{"duration":6,"tweenEasing":0},{"duration":0,"value":{"aM":0}}]},{"name":"图层_3","colorFrame":[{"duration":11},{"duration":5,"tweenEasing":0},{"duration":0,"value":{"aM":0}}]},{"name":"图层_2","colorFrame":[{"duration":10},{"duration":6,"tweenEasing":0},{"duration":0,"value":{"aM":0}}]}]}],"defaultActions":[{"gotoAndPlay":"prop_animation"}]}]}