{
"texture":"light1.png",
"radialAccelerationVariance":0
,"duration":100
,"tangentialAcceleration":0
,"tangentialAccelerationVariance":0
,"startRed":255
,"blendFactorSource":"one"
,"maxRadiusVariance":30
,"endAlphaVariance":0.47843137254901963
,"blendFactorDestination":"oneMinusSourceAlpha"
,"minRadius":20
,"lifespanVariance":700
,"maxRadius":100
,"emitterType":0
,"startGreen":255
,"startRedVariance":0
,"lifespan":2000
,"startSizeVariance":10
,"rotatePerSecondVariance":10
,"endSize":0
,"minRadiusVariance":10
,"startSize":20
,"endSizeVariance":5
,"rotatePerSecond":30
,"startBlue":255
,"emitAngle":87
,"endRed":255
,"engGreenVariance":0
,"emitAngleVariance":360
,"endRedVariance":0
,"startRotation":0
,"endBlueVariance":0
,"startRotationVariance":45
,"endAlpha":0.043137254901960784
,"startAlphaVariance":0.8588235294117647
,"gravity":{"x":0,"y":764.45}
,"startAlpha":0.996078431372549
,"maxParticles":200
,"endBlue":255
,"endGreen":255
,"startBlueVariance":0
,"endRotation":263.58
,"speedVariance":0
,"endRotationVariance":292.07
,"startGreenVariance":0
,"speed":230
,"emitterVariance":{"x":5,"y":6}
,"emitter":{"x":0,"y":0}
,"radialAcceleration":0
}