{"groups":[{"keys":"selected_png,button_down_png,button_up_png,description_json,rounds_json,prop_png,knifeicon1_png,knifeicon2_png,knifeicon3_png,knifeicon11_png,knifeicon12_png,roundthumb_png,bg_jpg,ball1_png,ball4_png,ball2_png,ball3_png,pk_bg_png,title_bg2_png,title_bg_png,title_bg1_png,frame2_png,frame1_png,knife_font_png,knife_font_fnt,default_icon_png,wind_tex_png,wind_ske_json,wind_tex_json,knife_shadow_tex_png,knife_shadow_ske_json,knife_shadow_tex_json,explosion_ske_json,explosion_tex_json,explosion_tex_png,ready_go_ske_json,ready_go_tex_json,ready_go_tex_png,light1_json,light1_png,normal_change_tex_png,normal_change_ske_json,normal_change_tex_json,boss_change_ske_json,boss_change_tex_json,boss_change_tex_png,broken1_ske_json,broken1_tex_json,broken1_tex_png,broken2_ske_json,broken2_tex_json,broken2_tex_png,speed_down_ske_json,speed_down_tex_json,speed_down_tex_png,boss_change_ske2_json,boss_change_tex2_json,boss_change_tex2_png,broken1_ske2_json,broken1_tex2_json,broken1_tex2_png,broken2_ske2_json,broken2_tex2_json,broken2_tex2_png,speed_down_ske2_json,speed_down_tex2_json,speed_down_tex2_png,ready_go_mp3,speed_down_mp3,other_knife_mp3,wind_mp3,hit_prop_mp3,hit_plat_2_mp3,hit_plat_1_mp3,hit_plat_3_mp3,hit_knife_mp3,broken2_mp3,broken1_mp3,broken3_mp3,boss_round_mp3,prop2_png,help_png,light3_json,light3_png,prop_tex_png,prop_ske_json,prop_tex_json,game_result_draw_mp3,game_result_win_mp3,game_result_fail_mp3,broken4_ske_json,broken4_tex_json,broken4_tex_png,broken3_ske_json,broken3_tex_json,broken3_tex_png,word1_png,word2_png,word3_png,word4_png,word5_png","name":"preload"}],"resources":[{"url":"config/description_7278fcbf.json","type":"json","name":"description_json"},{"url":"config/rounds_4829f9f4.json","type":"json","name":"rounds_json"},{"url":"assets/knife_font_4771b52f.png","type":"image","name":"knife_font_png"},{"url":"assets/knife_font_7f3c89d1.fnt","type":"font","name":"knife_font_fnt"},{"url":"assets/db/wind/wind_tex_c30fbf.png","type":"image","name":"wind_tex_png"},{"url":"assets/db/wind/wind_ske_48a56bc1.json","type":"json","name":"wind_ske_json"},{"url":"assets/db/wind/wind_tex_7d797d33.json","type":"json","name":"wind_tex_json"},{"url":"assets/db/knife_shadow/knife_shadow_tex_2032117.png","type":"image","name":"knife_shadow_tex_png"},{"url":"assets/db/knife_shadow/knife_shadow_ske_6c135d86.json","type":"json","name":"knife_shadow_ske_json"},{"url":"assets/db/knife_shadow/knife_shadow_tex_7d10fce4.json","type":"json","name":"knife_shadow_tex_json"},{"url":"assets/db/explosion/explosion_ske_23540e90.json","type":"json","name":"explosion_ske_json"},{"url":"assets/db/explosion/explosion_tex_4c81d6ed.json","type":"json","name":"explosion_tex_json"},{"url":"assets/db/explosion/explosion_tex_52004fb3.png","type":"image","name":"explosion_tex_png"},{"url":"assets/db/ready_go/ready_go_tex_3a168d8e.png","type":"image","name":"ready_go_tex_png"},{"url":"assets/db/ready_go/ready_go_ske_11e81e2e.json","type":"json","name":"ready_go_ske_json"},{"url":"assets/db/ready_go/ready_go_tex_4d1e1eb4.json","type":"json","name":"ready_go_tex_json"},{"url":"assets/light/light1_2583ef68.png","type":"image","name":"light1_png"},{"url":"assets/light/light1_3cca450b.json","type":"json","name":"light1_json"},{"url":"assets/db/normal_change/normal_change_tex_75824567.png","type":"image","name":"normal_change_tex_png"},{"url":"assets/db/normal_change/normal_change_ske_46fba14a.json","type":"json","name":"normal_change_ske_json"},{"url":"assets/db/normal_change/normal_change_tex_46ecc61c.json","type":"json","name":"normal_change_tex_json"},{"url":"assets/db/boss_change/boss_change_ske_2689d19f.json","type":"json","name":"boss_change_ske_json"},{"url":"assets/db/boss_change/boss_change_tex_5a6804b8.json","type":"json","name":"boss_change_tex_json"},{"url":"assets/db/boss_change/boss_change_tex_2c6f37f6.png","type":"image","name":"boss_change_tex_png"},{"url":"assets/db/broken/broken1_ske_439cc81c.json","type":"json","name":"broken1_ske_json"},{"url":"assets/db/broken/broken1_tex_6eacb04d.json","type":"json","name":"broken1_tex_json"},{"url":"assets/db/broken/broken1_tex_5b2aee5.png","type":"image","name":"broken1_tex_png"},{"url":"assets/db/broken/broken2_ske_25aa85ee.json","type":"json","name":"broken2_ske_json"},{"url":"assets/db/broken/broken2_tex_7681074.json","type":"json","name":"broken2_tex_json"},{"url":"assets/db/broken/broken2_tex_25d29380.png","type":"image","name":"broken2_tex_png"},{"url":"assets/db/speed_down/speed_down_ske_c801a43.json","type":"json","name":"speed_down_ske_json"},{"url":"assets/db/speed_down/speed_down_tex_3e115db8.json","type":"json","name":"speed_down_tex_json"},{"url":"assets/db/speed_down/speed_down_tex_380b32b8.png","type":"image","name":"speed_down_tex_png"},{"url":"assets/db/boss_change/boss_change_ske_2689d19f.json","type":"json","name":"boss_change_ske2_json"},{"url":"assets/db/boss_change/boss_change_tex_5a6804b8.json","type":"json","name":"boss_change_tex2_json"},{"url":"assets/db/boss_change/boss_change_tex_2c6f37f6.png","type":"image","name":"boss_change_tex2_png"},{"url":"assets/db/broken/broken1_ske_439cc81c.json","type":"json","name":"broken1_ske2_json"},{"url":"assets/db/broken/broken1_tex_6eacb04d.json","type":"json","name":"broken1_tex2_json"},{"url":"assets/db/broken/broken1_tex_5b2aee5.png","type":"image","name":"broken1_tex2_png"},{"url":"assets/db/broken/broken2_ske_25aa85ee.json","type":"json","name":"broken2_ske2_json"},{"url":"assets/db/broken/broken2_tex_7681074.json","type":"json","name":"broken2_tex2_json"},{"url":"assets/db/broken/broken2_tex_25d29380.png","type":"image","name":"broken2_tex2_png"},{"url":"assets/db/speed_down/speed_down_ske_c801a43.json","type":"json","name":"speed_down_ske2_json"},{"url":"assets/db/speed_down/speed_down_tex_3e115db8.json","type":"json","name":"speed_down_tex2_json"},{"url":"assets/db/speed_down/speed_down_tex_380b32b8.png","type":"image","name":"speed_down_tex2_png"},{"url":"assets/music/ready_go_236fd4e2.mp3","type":"sound","name":"ready_go_mp3"},{"url":"assets/music/speed_down_6bacb15c.mp3","type":"sound","name":"speed_down_mp3"},{"url":"assets/music/other_knife_31e07e28.mp3","type":"sound","name":"other_knife_mp3"},{"url":"assets/music/wind_7584b2ea.mp3","type":"sound","name":"wind_mp3"},{"url":"assets/music/hit_prop_3a87268e.mp3","type":"sound","name":"hit_prop_mp3"},{"url":"assets/music/hit_plat_2_102f46fd.mp3","type":"sound","name":"hit_plat_2_mp3"},{"url":"assets/music/hit_plat_1_a6d461.mp3","type":"sound","name":"hit_plat_1_mp3"},{"url":"assets/music/hit_plat_3_73bd075d.mp3","type":"sound","name":"hit_plat_3_mp3"},{"url":"assets/music/hit_knife_1d21c47.mp3","type":"sound","name":"hit_knife_mp3"},{"url":"assets/music/broken2_17794e16.mp3","type":"sound","name":"broken2_mp3"},{"url":"assets/music/broken1_473753a5.mp3","type":"sound","name":"broken1_mp3"},{"url":"assets/music/broken3_5bbf3493.mp3","type":"sound","name":"broken3_mp3"},{"url":"assets/music/boss_round_2149dd94.mp3","type":"sound","name":"boss_round_mp3"},{"url":"assets/light/light3_d700afc.json","type":"json","name":"light3_json"},{"url":"assets/light/light3_1715ee2.png","type":"image","name":"light3_png"},{"url":"assets/db/prop/prop_tex_43cd834f.png","type":"image","name":"prop_tex_png"},{"url":"assets/db/prop/prop_ske_4911f525.json","type":"json","name":"prop_ske_json"},{"url":"assets/db/prop/prop_tex_72aea93a.json","type":"json","name":"prop_tex_json"},{"url":"assets/music/game_result_draw_7e97f486.mp3","type":"sound","name":"game_result_draw_mp3"},{"url":"assets/music/game_result_win_700973fb.mp3","type":"sound","name":"game_result_win_mp3"},{"url":"assets/music/game_result_fail_21f53cb0.mp3","type":"sound","name":"game_result_fail_mp3"},{"url":"assets/db/broken/broken4_ske_5ae0e637.json","type":"json","name":"broken4_ske_json"},{"url":"assets/db/broken/broken4_tex_17efd588.json","type":"json","name":"broken4_tex_json"},{"url":"assets/db/broken/broken4_tex_30ccabd2.png","type":"image","name":"broken4_tex_png"},{"url":"assets/db/broken/broken3_ske_5aadcdbf.json","type":"json","name":"broken3_ske_json"},{"url":"assets/db/broken/broken3_tex_7115423e.json","type":"json","name":"broken3_tex_json"},{"url":"assets/db/broken/broken3_tex_7edc25cb.png","type":"image","name":"broken3_tex_png"},{"url":"packs0/preload-0sheet_6fb0e908.json","type":"sheet","name":"preload-0sheet","subkeys":"word5_png,word4_png,word3_png,word2_png,word1_png,title_bg_png,title_bg2_png,title_bg1_png,selected_png,roundthumb_png,prop_png,prop2_png,pk_bg_png,knifeicon3_png,knifeicon2_png,knifeicon1_png,knifeicon12_png,knifeicon11_png,help_png,frame2_png,frame1_png,default_icon_png,button_up_png,button_down_png,bg_jpg,ball4_png,ball3_png,ball2_png,ball1_png"}]}