{"bones":[{"name":"root"},{"parent":"root","name":"bone3"},{"name":"zi","y":7.5,"parent":"bone3","x":-2.4},{"name":"chuntianyezi14","y":-47.2457,"parent":"zi","x":-55.85},{"name":"chuntianxingguang_拷贝_2","y":-47,"parent":"zi","x":-85.25},{"name":"chuntianxingguang","y":12.4,"parent":"zi","x":-2},{"name":"chuntianxingguang_拷贝","y":42.05,"parent":"zi","x":90.35},{"name":"chuntianyezi14_拷贝","y":-47.4087,"parent":"zi","x":92.8174}],"skeleton":{"spine":"3.5.0","images":"","hash":"90c78f27a51890d868374dbc4d516119"},"slots":[{"attachment":"chuntian/chuntianyezi14_2","bone":"chuntianyezi14_拷贝","name":"chuntianyezi14_拷贝"},{"attachment":"chuntian/chuntianyezi14_2","bone":"chuntianyezi14","name":"chuntianyezi14"},{"attachment":"chuntian/chuntian-h_1.25","bone":"zi","name":"zi"},{"attachment":"chuntian/chuntianxingguang_2","bone":"chuntianxingguang","name":"chuntianxingguang"},{"attachment":"chuntian/chuntianxingguang_2","bone":"chuntianxingguang_拷贝","name":"chuntianxingguang_拷贝"},{"attachment":"chuntian/chuntianxingguang_2","bone":"chuntianxingguang_拷贝_2","name":"chuntianxingguang_拷贝_2"}],"animations":{"newAnimation":{"bones":{"chuntianxingguang":{"scale":[{"time":0,"y":1,"x":1},{"time":0.8333333333333333,"y":0.01,"x":0.01},{"time":0.8749999999999999,"y":1,"x":1}]},"chuntianxingguang_拷贝":{"scale":[{"time":0,"y":1,"x":1},{"time":0.8333333333333333,"y":0.01,"x":0.01},{"time":0.8749999999999999,"y":1,"x":1}]},"zi":{"scale":[{"time":0,"y":0.01,"x":0.01},{"time":0.5833333333333333,"y":0.01,"x":0.01},{"time":0.7499999999999999,"y":1.2,"x":1.2},{"time":0.8333333333333333,"y":1,"x":1}]},"root":{"scale":[{"time":0,"y":1,"x":1},{"time":1.7916666666666665,"y":1,"x":1},{"time":1.8333333333333333,"y":0.01,"x":0.01}]},"chuntianxingguang_拷贝_2":{"scale":[{"time":0,"y":1,"x":1},{"time":0.8333333333333333,"y":0.01,"x":0.01},{"time":0.8749999999999999,"y":1,"x":1}]}},"draworder":[{"time":0.5,"offsets":[{"offset":3,"slot":"zi"}]}],"slots":{"chuntianxingguang":{"color":[{"color":"ffffffff","time":0},{"color":"ffffffff","time":2.3333333333333326}]},"chuntianxingguang_拷贝":{"color":[{"color":"ffffffff","time":0},{"color":"ffffffff","time":2.3333333333333326}]},"chuntianxingguang_拷贝_2":{"color":[{"color":"ffffffff","time":0},{"color":"ffffffff","time":2.3333333333333326}]}}}},"skins":{"default":{"chuntianxingguang_拷贝":{"chuntian/chuntianxingguang_2":{"y":-0.5,"scaleX":2,"width":19,"scaleY":2,"height":21,"x":1.35}},"chuntianyezi14":{"chuntian/chuntianyezi14_2":{"y":-4.15,"scaleX":2,"width":76,"scaleY":2,"height":36,"x":4.55}},"chuntianxingguang":{"chuntian/chuntianxingguang_2":{"y":0.65,"scaleX":2,"width":19,"scaleY":2,"height":21,"x":0.7}},"zi":{"chuntian/chuntian-h_1.25":{"y":-26.81,"scaleX":1.25,"width":244,"scaleY":1.25,"height":92,"x":-0.74}},"chuntianyezi14_拷贝":{"chuntian/chuntianyezi14_2":{"y":-3.15,"scaleX":2,"width":76,"scaleY":2,"height":36,"x":-7.79}},"chuntianxingguang_拷贝_2":{"chuntian/chuntianxingguang_2":{"y":0.55,"scaleX":2,"width":19,"scaleY":2,"height":21,"x":0.95}}}}}