{"slots":[{"bone":"chuntianyezi14_","attachment":"chuntian/chuntianyezi14_2","name":"chuntianyezi14_"},{"bone":"chuntianyezi14","attachment":"chuntian/chuntianyezi14_2","name":"chuntianyezi14"},{"bone":"zi","attachment":"chuntian/w_1.25","name":"zi"},{"bone":"chuntianxingguang","attachment":"chuntian/chuntianxingguang_2","name":"chuntianxingguang"},{"bone":"chuntianxingguang_1","attachment":"chuntian/chuntianxingguang_2","name":"chuntianxingguang_1"},{"bone":"chuntianxingguang_2","attachment":"chuntian/chuntianxingguang_2","name":"chuntianxingguang_2"}],"skins":{"default":{"zi":{"chuntian/w_1.25":{"y":-11.45,"scaleX":1.25,"width":174,"scaleY":1.25,"height":114,"x":-2.8}},"chuntianyezi14_":{"chuntian/chuntianyezi14_2":{"y":-3.15,"scaleX":2,"width":76,"scaleY":2,"height":36,"x":-7.79}},"chuntianxingguang_2":{"chuntian/chuntianxingguang_2":{"y":0.55,"scaleX":2,"width":19,"scaleY":2,"height":21,"x":0.95}},"chuntianxingguang_1":{"chuntian/chuntianxingguang_2":{"y":-0.5,"scaleX":2,"width":19,"scaleY":2,"height":21,"x":1.35}},"chuntianyezi14":{"chuntian/chuntianyezi14_2":{"y":-4.15,"scaleX":2,"width":76,"scaleY":2,"height":36,"x":4.55}},"chuntianxingguang":{"chuntian/chuntianxingguang_2":{"y":0.65,"scaleX":2,"width":19,"scaleY":2,"height":21,"x":0.7}}}},"animations":{"newAnimation":{"bones":{"chuntianxingguang_1":{"scale":[{"time":0,"y":1,"x":1},{"time":0.8333333333333333,"y":0.01,"x":0.01},{"time":0.8749999999999999,"y":1,"x":1}]},"zi":{"scale":[{"time":0,"y":0.01,"x":0.01},{"time":0.5833333333333333,"y":0.01,"x":0.01},{"time":0.7499999999999999,"y":1.2,"x":1.2},{"time":0.8333333333333333,"y":1,"x":1}]},"chuntianxingguang_2":{"scale":[{"time":0,"y":1,"x":1},{"time":0.8333333333333333,"y":0.01,"x":0.01},{"time":0.8749999999999999,"y":1,"x":1}]},"root":{"scale":[{"time":0,"y":1,"x":1},{"time":1.7916666666666665,"y":1,"x":1},{"time":1.8333333333333333,"y":0.01,"x":0.01}]},"chuntianxingguang":{"scale":[{"time":0,"y":1,"x":1},{"time":0.8333333333333333,"y":0.01,"x":0.01},{"time":0.8749999999999999,"y":1,"x":1}]}},"slots":{"chuntianxingguang_1":{"color":[{"color":"ffffffff","time":0},{"color":"ffffffff","time":2.3333333333333326}]},"chuntianxingguang_2":{"color":[{"color":"ffffffff","time":0},{"color":"ffffffff","time":2.3333333333333326}]},"chuntianxingguang":{"color":[{"color":"ffffffff","time":0},{"color":"ffffffff","time":2.3333333333333326}]}}}},"bones":[{"name":"root"},{"parent":"root","name":"bone3"},{"name":"zi","y":7.5,"parent":"bone3","x":-2.4},{"name":"chuntianyezi14","y":-39.8,"parent":"zi","x":-55.85},{"name":"chuntianxingguang_2","y":-47,"parent":"zi","x":-85.25},{"name":"chuntianxingguang","y":12.4,"parent":"zi","x":-2},{"name":"chuntianxingguang_1","y":42.05,"parent":"zi","x":90.35},{"name":"chuntianyezi14_","y":-39.8,"parent":"zi","x":52.6}],"skeleton":{"hash":"967785bf107a0ef7ef5e8f792f708d46","images":"","spine":"3.5.0"}}