{"slots":[{"name":"zd","bone":"zd","attachment":"0/zhadan_yiban"},{"name":"zhadanhuohua2","bone":"zhadanhuohua2","attachment":"0/zhadanhuohua2_yiban"},{"name":"light_00000","bone":"light_00000","attachment":"cheng"}],"skins":{"default":{"zhadanhuohua2":{"0/zhadanhuohua2_yiban":{"height":26,"scaleX":2,"width":25,"scaleY":2}},"light_00000":{"cheng":{"height":38,"scaleX":2,"width":102,"scaleY":2}},"zd":{"0/zhadan_yiban":{"height":32,"scaleX":2,"width":30,"scaleY":2},"zhadan_2_yiban":{"height":32,"scaleX":2,"width":30,"scaleY":2}}}},"animations":{"newAnimation":{"slots":{"zd":{"attachment":[{"time":0,"name":"0/zhadan_yiban"},{"time":0.5,"name":"zhadan_2_yiban"},{"time":0.625,"name":null}]}},"draworder":[{"time":0.4583333333333333,"offsets":[{"slot":"zd","offset":2},{"slot":"zhadanhuohua2","offset":0}]}],"bones":{"zhadanhuohua2":{"scale":[{"time":0,"y":1.4,"x":1.4},{"time":0.125,"y":0.5,"x":0.5},{"time":0.25,"y":1.4,"x":1.4},{"time":0.375,"y":0.5,"x":0.5},{"time":0.5,"y":1.4,"x":1.4},{"time":0.625,"y":0.01,"x":0.01}]},"light_00000":{"scale":[{"time":0,"y":0.01,"x":0.01},{"time":0.16666666666666666,"y":0.01,"x":0.01},{"time":0.20833333333333331,"y":1,"x":1},{"time":0.4583333333333333,"y":1,"x":1},{"time":0.5,"y":0.01,"x":0.01}],"translate":[{"time":0,"y":0,"x":0},{"time":0.20833333333333331,"y":0,"x":0},{"time":0.375,"y":19.75,"x":179.07},{"time":0.4583333333333333,"y":30.02,"x":297.4}]},"zd":{"translate":[{"time":0,"y":0,"x":0},{"curve":[0,0,0.5,1],"time":0.25,"y":383,"x":240},{"curve":[0.5,0,1,1],"time":0.375,"y":355,"x":440},{"time":0.4583333333333333,"y":208,"x":529}],"rotate":[{"time":0,"angle":0},{"time":0.125,"angle":-90},{"time":0.25,"angle":-180},{"time":0.375,"angle":90},{"time":0.4583333333333333,"angle":0}]},"bone11":{"translate":[{"time":0,"y":0,"x":0},{"time":0.5,"y":24,"x":0},{"time":0.5833333333333334,"y":0,"x":0}]}}}},"bones":[{"name":"root"},{"name":"zd","y":-220.85,"parent":"root","x":-532.85},{"name":"bone11","y":-9.75,"parent":"root","x":57.7},{"name":"light_00000","y":-59.55,"parent":"bone11","x":-350.55},{"name":"zhadanhuohua2","y":32.55,"parent":"zd","x":34.75}],"skeleton":{"spine":"3.5.0","images":"","hash":"2c31efde57e779e0dcd9dd68998ed717"}}